DISTRICT,HIGH_SCHOOL,PRI_PUB,DISTRICT_ID,PERCENT_MINORITY,MALE,FEMALE,PERCENT_FL,ST_RATIO,MFI,MHI,POVERTY,CEEB
ELIZABETH,A HAMILTON PREPARATORY ACADEMY,Public,405,89.11%,45%,55%,78%,16.44,47169,43707,16.9,#N/A
ROSELLE BOROUGH,ABRAHAM CLARK H S,Public,10,98.22%,52%,48%,49%,15.12,69922,60558,6.3,311325
GREATER EGG HARBOR REGIONAL,ABSEGAMI High School,Public,40,44.51%,50%,50%,20%,14.74,70028,60260,7.6,310759
MONMOUTH COUNTY VOCATIONAL,ACADEMY ALLIED HEALTH & SCI,Public,25,38.75%,34%,66%,5%,11.56,#N/A,#N/A,#N/A,#N/A
ACADEMY CHARTER H S,ACADEMY CHARTER HS,Public,910,98.94%,44%,56%,43%,11.06,#N/A,#N/A,#N/A,310077
UNION COUNTY VOCATIONAL S,ACADEMY FOR INFO TECH,Public,30,41.30%,59%,41%,8%,10.56,#N/A,#N/A,#N/A,#N/A
PATERSON,ACADEMY HIGH,Public,25,95.33%,47%,53%,68%,18.46,39093,33858,26.1,#N/A
MIDDLESEX COUNTY EDUCATIO,ACADEMY LEARNING CENTER,Public,30,46.27%,71%,29%,8%,6.7,#N/A,#N/A,#N/A,#N/A
ELIZABETH,ADM  W F HALSEY LEADERSHIP ACADEMY,Public,402,94.22%,47%,53%,80%,12.71,47169,43707,16.9,#N/A
OFFICE OF EDUCATIONAL SERVICES DEPARTMENT OF CORRECTIONS,ALBERT C   WAGNER CORRECTIONAL FACILITY,Public,15,92.86%,100%,0%,0%,12.25,#N/A,#N/A,#N/A,#N/A
UPPER FREEHOLD REGIONAL,ALLENTOWN HIGH SCHOOL,Public,50,11.62%,50%,50%,3%,17.72,106125,103410,1.7,310000
PATERSON,ALTERNATIVE HIGH SCHOOL - YES ACADEMY,Public,6,#DIV/0!,#DIV/0!,#DIV/0!,#DIV/0!,0,39093,33858,26.1,#N/A
NEWARK,AMERICAN HISTORY HIGH SCHOOL,Public,87,96.55%,38%,62%,79%,14.5,56000,50347,10,#N/A
OFFICE OF EDUCATION DEPARTMENT OF CHILDREN AND FAMILIES,ANCORA PSYCHIATRIC HOSPITAL,Public,1,50.00%,50%,50%,0%,1,#N/A,#N/A,#N/A,#N/A
OFFICE OF EDUCATION DEPARTMENT OF CHILDREN AND FAMILIES,ANNE KLIEN FORENSIC CENTER,Public,2,100.00%,100%,0%,0%,1,#N/A,#N/A,#N/A,#N/A
CLARK TOWNSHIP,ARTHUR L  JOHNSON H S,Public,5,11.02%,54%,46%,5%,13.16,93420,78044,3.3,#N/A
PITTSGROVE TOWNSHIP,ARTHUR P SCHALICK H S,Public,40,19.04%,52%,48%,20%,14.12,81056,73508,6.5,310221
NEWARK,ARTS,Public,10,92.22%,41%,59%,64%,11.87,56000,50347,10,310271
ASBURY PARK,ASBURY PARK HIGH SCHOOL,Public,10,97.72%,51%,49%,69%,8,37580,30923,29,310010
ATLANTIC CITY,ATLANTIC CITY HIGH SCHOOL,Public,10,81.48%,52%,48%,53%,14.59,36740,30601,23.8,310030
OFFICE OF EDUCATION JUVENILE JUSTICE COMMISSION,ATLANTIC CITY TRANSITION DAY PROG,Public,3,100.00%,100%,0%,0%,5,#N/A,#N/A,#N/A,#N/A
OFFICE OF EDUCATION JUVENILE JUSTICE COMMISSION,ATLANTIC COUNTY   JUV   DET   CENTER,Public,36,91.30%,100%,0%,0%,7.67,#N/A,#N/A,#N/A,#N/A
ATLANTIC CTY SPEC SERV SD,ATLANTIC COUNTY ELEM  MIDDLE,Public,30,53.26%,65%,35%,40%,6.13,#N/A,#N/A,#N/A,#N/A
ATLANTIC CTY SPEC SERV SD,ATLANTIC COUNTY HIGH SCHOOL,Public,60,43.75%,59%,41%,26%,5.03,#N/A,#N/A,#N/A,#N/A
ATLANTIC COUNTY VOCATIONA,ATLANTIC CTY INST OF TECH,Public,10,54.55%,52%,48%,35%,11.33,#N/A,#N/A,#N/A,#N/A
OFFICE OF EDUCATION DEPARTMENT OF CHILDREN AND FAMILIES,ATLANTIC TRANSITIONAL EDUCATION CENTER,Public,178,86.67%,13%,87%,0%,0,#N/A,#N/A,#N/A,#N/A
AUDUBON,AUDUBON JR SR HIGH ,Public,10,6.15%,49%,51%,9%,12.48,89802,68859,6.1,310045
BAYSHORE JOINTURE COMMISSION,B E S T ACADEMY,Public,10,#DIV/0!,#DIV/0!,#DIV/0!,#DIV/0!,0,#N/A,#N/A,#N/A,#N/A
GLOUCESTER COUNTY SPECIAL,BANKBRIDGE REGIONAL SCHOOL,Public,15,35.50%,76%,24%,17%,6.38,#N/A,#N/A,#N/A,311372
BARNEGAT TOWNSHIP,BARNEGAT HIGH SCHOOL,Public,30,18.13%,50%,50%,14%,13.73,71354,62414,6.7,#N/A
NEWARK,BARRINGER,Public,20,99.05%,56%,44%,66%,15.54,56000,50347,10,310880
HUNTERDON COUNTY VOCATIONAL,BARTELS CORNER,Public,30,0.00%,100%,0%,0%,0.13,#N/A,#N/A,#N/A,#N/A
BAYONNE,BAYONNE HIGH SCHOOL,Public,20,53.56%,52%,48%,47%,15.21,63525,50423,12.3,310060
BELLEVILLE,BELLEVILLE SR H S,Public,20,82.72%,42%,38%,28%,12.57,64570,57800,7.8,310075
BELVIDERE,BELVIDERE H S,Public,20,3.99%,48%,52%,9%,14.45,73807,57969,2.8,310085
BERGEN COUNTY VOCATIONAL,BERGEN ACADS HACKENSACK,Public,20,51.03%,47%,53%,2%,11.51,#N/A,#N/A,#N/A,#N/A
OFFICE OF EDUCATION JUVENILE JUSTICE COMMISSION,BERGEN COUNTY  JUV  DET  CENTER,Public,37,71.43%,100%,0%,0%,7,#N/A,#N/A,#N/A,#N/A
OFFICE OF EDUCATION DEPARTMENT OF CHILDREN AND FAMILIES,BERGEN SCHOOL,Public,6,55.10%,53%,47%,0%,5.44,#N/A,#N/A,#N/A,310595
BERGENFIELD,BERGENFIELD H S,Public,20,77.56%,52%,48%,20%,14.13,95121,81324,4.3,310090
SOMERSET HILLS REGIONAL,BERNARDS HIGH SCHOOL,Public,20,18.74%,49%,51%,5%,14.4,150028,129447,2,310095
MONMOUTH COUNTY VOCATIONAL,BIOTECHNOLOGY H S,Public,28,25.57%,47%,53%,1%,12.88,#N/A,#N/A,#N/A,310904
BLOOMFIELD TOWNSHIP,BLOOMFIELD SENIOR HS,Public,20,72.31%,52%,48%,28%,13.57,82056,66132,6.9,310120
PLAINFIELD,BOAACD,Public,51,100.00%,53%,47%,60%,8.83,68000,64492,5.8,#N/A
BOGOTA,BOGOTA JR SR  H S,Public,20,74.96%,51%,49%,27%,14.42,91250,73911,8,#N/A
BOONTON TOWN,BOONTON HIGH SCHOOL,Public,20,34.41%,52%,48%,14%,15.21,93043,79231,12.7,310130
BORDENTOWN REGIONAL SCHOO,BORDENTOWN REG H S,Public,50,34.27%,51%,49%,14%,13.53,92949,78254,2.9,310140
BOUND BROOK BOROUGH,BOUND BROOK H S,Public,20,70.99%,59%,41%,43%,15,73500,69657,4.7,310145
BRIDGEWATER-RARITAN REGIO,BRDGWTR-RARITAN HS E,Public,5,30.58%,50%,50%,5%,12.96,119845,100711,3.8,310753
OCEAN COUNTY VOCATIONAL S,BRICK CENTER,Public,10,15.68%,47%,53%,17%,11.42,#N/A,#N/A,#N/A,#N/A
BRICK TOWNSHIP,BRICK TOWNSHIP H S,Public,20,16.11%,50%,50%,12%,13.31,82103,66844,5,310678
BRICK TOWNSHIP,BRICK TWNSHP MEM H S,Public,25,12.54%,52%,48%,12%,15.07,82103,66844,5,310148
BRIDGETON,BRIDGETON HIGH SCH,Public,20,89.25%,50%,50%,75%,10.41,38983,32464,24.5,310150
CAMDEN CITY,BRIMM MEDICAL ARTS HIGH SCHOOL,Public,29,100.00%,35%,65%,57%,10,27956,25418,38.3,#N/A
BUENA REGIONAL,BUENA REGIONAL H S,Public,25,40.36%,42%,45%,14%,14.9,65385,55250,11.2,310154
BURLINGTON CITY,BURLINGTON CITY H S,Public,20,65.91%,51%,49%,42%,12.01,61425,48379,12.1,310160
OFFICE OF EDUCATION JUVENILE JUSTICE COMMISSION,BURLINGTON COUNTY   JUVEN   DET   CENTER,Public,38,81.82%,45%,55%,0%,3.67,#N/A,#N/A,#N/A,#N/A
BURLINGTON COUNTY SPECIAL,BURLINGTON COUNTY SPEC SCHOOL  WC,Public,30,45.30%,73%,27%,16%,5.61,#N/A,#N/A,#N/A,#N/A
OFFICE OF EDUCATION DEPARTMENT OF CHILDREN AND FAMILIES,BURLINGTON REGIONAL SCHOOL,Public,7,75.00%,100%,0%,0%,1.6,#N/A,#N/A,#N/A,#N/A
BURLINGTON TOWNSHIP,BURLINGTON TWP H S,Public,10,51.64%,49%,51%,12%,16.29,98615,84087,3.7,310158
BUTLER,BUTLER HIGH SCHOOL,Public,20,14.15%,53%,47%,8%,12.65,98767,78812,4.6,310170
CAMDEN ACADEMY CHARTER SCHOOL,CAMDEN ACADEMY CHARTER HS,Public,903,100.00%,42%,58%,72%,12.5,#N/A,#N/A,#N/A,310184
OFFICE OF EDUCATION JUVENILE JUSTICE COMMISSION,CAMDEN CAP,Public,7,100.00%,100%,0%,0%,4,#N/A,#N/A,#N/A,#N/A
OFFICE OF EDUCATION JUVENILE JUSTICE COMMISSION,CAMDEN COUNTY  YOUTH CENTER,Public,39,85.00%,95%,5%,0%,5,#N/A,#N/A,#N/A,#N/A
CAMDEN COUNTY VOCATIONAL,CAMDEN COUNTY TECH  GLOUCESTER,Public,40,69.14%,55%,45%,55%,12.1,#N/A,#N/A,#N/A,#N/A
CAMDEN COUNTY VOCATIONAL,CAMDEN COUNTY TECH  PENNSAUKEN,Public,30,97.97%,51%,49%,75%,13.58,#N/A,#N/A,#N/A,#N/A
CAMDEN CITY,CAMDEN HIGH SCHOOL,Public,30,99.89%,54%,46%,60%,10.84,27956,25418,38.3,310195
OFFICE OF EDUCATION JUVENILE JUSTICE COMMISSION,CAMDEN HOUSE,Public,8,92.31%,100%,0%,0%,2.6,#N/A,#N/A,#N/A,#N/A
OFFICE OF EDUCATION JUVENILE JUSTICE COMMISSION,CAMDEN PREP,Public,9,78.57%,100%,0%,0%,3.5,#N/A,#N/A,#N/A,#N/A
OFFICE OF EDUCATION DEPARTMENT OF CHILDREN AND FAMILIES,CAMDEN VIRTUA - INSIGHT,Public,183,#DIV/0!,#DIV/0!,#DIV/0!,#DIV/0!,0,#N/A,#N/A,#N/A,#N/A
OFFICE OF EDUCATION DEPARTMENT OF CHILDREN AND FAMILIES,CAMDEN VIRTUA KIDS IN TRANSISTION,Public,3,62.07%,48%,52%,0%,7.25,#N/A,#N/A,#N/A,#N/A
OFFICE OF EDUCATION JUVENILE JUSTICE COMMISSION,CAMPUS PROGRAM,Public,11,87.50%,100%,0%,0%,6,#N/A,#N/A,#N/A,#N/A
CAPE MAY COUNTY VOCATIONA,CAPE MAY CO V-T CTR,Public,30,11.42%,55%,45%,15%,10.68,#N/A,#N/A,#N/A,310207
CAPE MAY COUNTY SPECIAL S,CAPE MAY COUNTY HIGH SCHOOL,Public,20,28.65%,66%,34%,17%,7.13,#N/A,#N/A,#N/A,#N/A
OFFICE OF EDUCATION DEPARTMENT OF CHILDREN AND FAMILIES,CAPE MAY REGIONAL SCHOOL,Public,8,33.33%,22%,78%,0%,1.13,#N/A,#N/A,#N/A,#N/A
OFFICE OF EDUCATION DEPARTMENT OF CHILDREN AND FAMILIES,CAPE MAY TRANSITIONAL EDUCATION CENTER,Public,179,25.00%,8%,92%,0%,0,#N/A,#N/A,#N/A,#N/A
OFFICE OF EDUCATION DEPARTMENT OF CHILDREN AND FAMILIES,CAPITAL ACADEMY,Public,4,88.10%,100%,0%,0%,10.5,#N/A,#N/A,#N/A,#N/A
CAPITAL PREPARTORY CHARTER HIGH SCHOOL,CAPITAL PREPARTORY CHARTER HIGH SCHOOL,Public,904,99.67%,49%,51%,62%,16,#N/A,#N/A,#N/A,#N/A
CARTERET BOROUGH,CARTERET HIGH SCHOOL,Public,30,79.02%,52%,48%,42%,15.28,63587,55379,16.7,310220
CEDAR GROVE TOWNSHIP,CEDAR GROVE HIGH SCHOOL,Public,50,13.11%,50%,50%,2%,14.66,114038,88594,0.5,#N/A
MIDDLESEX COUNTY EDUCATIO,CENTER FOR LIFE LONG LEARNING,Public,31,58.57%,76%,24%,12%,5.51,#N/A,#N/A,#N/A,#N/A
NEWARK,CENTRAL,Public,30,100.00%,48%,52%,81%,13.17,56000,50347,10,311470
HUNTERDON COUNTY VOCATIONAL,CENTRAL,Public,50,#DIV/0!,#DIV/0!,#DIV/0!,#DIV/0!,0,#N/A,#N/A,#N/A,311470
HOPEWELL VALLEY REGIONAL,CENTRAL HIGH SCHOOL,Public,30,12.39%,52%,48%,2%,15.38,139089,123438,2.5,310890
CENTRAL JERSEY COLLEGE PREP CS,CENTRAL JERSEY COLLEGE PREP CS,Public,900,95.44%,49%,51%,37%,12.13,#N/A,#N/A,#N/A,#N/A
CENTRAL REGIONAL,CENTRAL REGIONAL HS,Public,30,15.16%,53%,47%,22%,14.01,57356,42600,9.4,310072
CHARTER-TECH HIGH SCHOOL,CHARTER TECH HS,Public,940,50.53%,46%,54%,33%,11.47,#N/A,#N/A,#N/A,310696
SCH DIST OF THE CHATHAMS,CHATHAM HIGH SCH,Public,10,10.01%,49%,51%,1%,15.73,#N/A,#N/A,#N/A,310225
LENAPE REGIONAL HIGH SCHOOL DISTRICT,CHEROKEE HIGH SCHOOL,Public,40,14.66%,51%,49%,5%,14.98,#N/A,#N/A,#N/A,310761
CHERRY HILL TOWNSHIP,CHERRY HILL HS EAST,Public,30,29.94%,51%,49%,6%,16.05,104983,87392,4.5,310223
CHERRY HILL TOWNSHIP,CHERRY HILL H S WEST,Public,40,34.27%,51%,49%,15%,16.13,104983,87392,4.5,311377
OFFICE OF EDUCATION DEPARTMENT OF CHILDREN AND FAMILIES,CHERRY HILL REGIONAL SCHOOL,Public,9,69.05%,62%,38%,0%,2.33,#N/A,#N/A,#N/A,#N/A
EAST ORANGE,CICELY TYSON SCHOOL  PER ARTS (MS/HIGH SCHOOL),Public,150,100.00%,45%,55%,57%,12.11,48117,39116,23.4,#N/A
CINNAMINSON TOWNSHIP,CINNAMINSON HIGH,Public,30,17.33%,50%,50%,4%,13.88,96681,88239,3.2,311316
MONMOUTH COUNTY VOCATIONA,CLASS ACADEMY,Public,3,39.71%,51%,49%,31%,9.71,#N/A,#N/A,#N/A,#N/A
CLASSICAL ACADEMY CHARTER,CLASSICAL ACADEMY CS OF CLIFTO,Public,915,76.79%,42%,58%,25%,13.49,#N/A,#N/A,#N/A,#N/A
CLAYTON,CLAYTON HIGH,Public,30,37.01%,49%,51%,39%,10.98,73398,69111,11.4,310230
CLEARVIEW REGIONAL,CLEARVIEW REGION H S,Public,20,9.19%,51%,49%,5%,14.98,94236,84068,4.7,310868
CLIFFSIDE PARK,CLIFFSIDE PARK H S,Public,30,60.04%,50%,50%,43%,13.51,80847,68287,11.5,310240
CLIFTON,CLIFTON HIGH SCHOOL,Public,30,61.93%,51%,49%,29%,17.13,72951,60412,9,310245
COLLINGSWOOD BOROUGH,COLLINGSWOOD SR H S,Public,30,43.29%,52%,48%,27%,16.73,74802,56751,9.6,310250
WOODBRIDGE TOWNSHIP,COLONIA SENIOR H S,Public,20,44.26%,50%,50%,21%,12.63,86960,77283,5.5,310251
FREEHOLD REGIONAL HIGH SC,COLTS NECK HS,Public,10,19.39%,52%,48%,4%,19.12,#N/A,#N/A,#N/A,310253
SOUTH ORANGE-MAPLEWOOD,COLUMBIA HIGH SCHOOL,Public,30,61.60%,51%,49%,17%,12.73,126957,107111,5.1,310750
MONMOUTH COUNTY VOCATIONA,COMMUNICATIONS HS MONMOUTH CTY,Public,4,8.67%,38%,62%,0%,10.71,#N/A,#N/A,#N/A,311586
OFFICE OF EDUCATION JUVENILE JUSTICE COMMISSION,COSTELLO PREP,Public,70,100.00%,100%,0%,0%,3.57,#N/A,#N/A,#N/A,#N/A
HUDSON COUNTY VOCATIONAL,COUNTY PREP HIGH SCHOOL,Public,30,81.37%,44%,56%,29%,9.64,#N/A,#N/A,#N/A,#N/A
CRANFORD TOWNSHIP,CRANFORD HIGH SCHOOL,Public,30,11.50%,55%,45%,2%,11.67,125537,104315,3.2,310260
CAMDEN CITY,CREATIVE & PRFRMG ARTS HIGH SCHOOL,Public,240,100.00%,35%,65%,53%,5.73,27956,25418,38.3,#N/A
CRESSKILL,CRESSKILL HIGH SCH,Public,40,44.03%,49%,51%,2%,22.9,131956,111786,3.1,310263
OFFICE OF EDUCATION JUVENILE JUSTICE COMMISSION,CUMBERLAND COUNTY   JUV   CENTER,Public,40,88.89%,89%,11%,0%,11.25,#N/A,#N/A,#N/A,#N/A
CUMBERLAND COUNTY VOCATIO,CUMBERLAND COUNTY TECH ED CT,Public,30,66.73%,48%,52%,37%,20.08,#N/A,#N/A,#N/A,310151
CUMBERLAND REGIONAL DISTR,CUMBERLAND REG HS,Public,30,41.55%,51%,49%,25%,16.98,#N/A,#N/A,#N/A,311511
OFFICE OF EDUCATION DEPARTMENT OF CHILDREN AND FAMILIES,CUMBERLAND REGIONAL SCHOOL,Public,11,91.67%,67%,33%,0%,3,#N/A,#N/A,#N/A,#N/A
VINELAND CITY,CUNNINGHAM,Public,90,90.09%,56%,44%,30%,5.05,61654,52422,12.8,#N/A
SALEM CO SPECIAL SERVICES,DARETOWN SCHOOL,Public,50,38.00%,77%,23%,33%,3.7,#N/A,#N/A,#N/A,#N/A
KENILWORTH,DAVID BREARLEY HIGH SCHOOL,Public,10,36.34%,52%,48%,17%,12.22,80349,68700,3.1,#N/A
TRENTON,DAYLIGHT  TWILIGHT H S,Public,30,99.32%,53%,47%,23%,8.62,40320,35372,23.4,#N/A
DELAWARE VALLEY REGIONAL,DEL VALLEY REG H S,Public,40,5.67%,54%,46%,3%,18.48,103676,92805,3.3,310410
DELRAN TOWNSHIP,DELRAN HIGH SCHOOL,Public,5,24.36%,51%,49%,9%,14.88,88284,74247,5.1,310264
DELSEA REGIONAL HIGH SCHO,DELSEA REGIONAL H S,Public,50,19.88%,51%,49%,20%,14.66,80743,74902,8.4,310403
DEPTFORD TOWNSHIP,DEPTFORD TOWNSHIP HIGH SCHOOL,Public,40,34.30%,52%,48%,23%,14.02,73468,65866,8.7,310003
MORRIS-UNION JOINTURE COM,DEVEL L C  HAMILTON SHCOOL,Public,100,66.20%,86%,14%,15%,4.23,#N/A,#N/A,#N/A,#N/A
MORRIS-UNION JOINTURE COM,DEVEL L C  NEW PROVIDENCE,Public,50,47.67%,77%,23%,5%,3.91,#N/A,#N/A,#N/A,#N/A
MORRIS-UNION JOINTURE COM,DEVEL L C  WARREN,Public,80,32.32%,81%,19%,5%,3.4,#N/A,#N/A,#N/A,#N/A
DOVER TOWN,DOVER HIGH SCHOOL,Public,40,84.91%,52%,48%,51%,12.67,60795,57361,9.7,310270
OFFICE OF EDUCATION JUVENILE JUSTICE COMMISSION,DOVES,Public,13,90.00%,0%,100%,0%,1.67,#N/A,#N/A,#N/A,#N/A
JERSEY CITY,DR RONALD MC NAIR ACADEMY HIGH SCHOOL,Public,75,77.09%,42%,58%,34%,16.14,55202,51826,17,#N/A
DUMONT,DUMONT HIGH SCHOOL,Public,40,35.20%,48%,52%,7%,13.81,93818,82606,3.5,310275
DUNELLEN,DUNELLEN HIGH SCHOOL,Public,40,45.33%,54%,46%,23%,17.65,88171,63667,6.6,310280
ENGLEWOOD CITY,DWIGHT MORROW H S,Public,40,92.05%,52%,48%,42%,11.48,86992,70357,9.8,310350
HUNTERDON COUNTY EDUCATIO,E S C SCHOOL,Public,50,91.94%,74%,26%,81%,4.25,#N/A,#N/A,#N/A,#N/A
HUNTERDON COUNTY EDUCATIO,E S C TEWKSBURY,Public,85,60.00%,60%,40%,0%,5,#N/A,#N/A,#N/A,#N/A
EAST BRUNSWICK TOWNSHIP,E BRUNSWICK H S,Public,50,38.34%,51%,49%,7%,15.31,111700,101283,3.2,310283
EAST ORANGE,EAST ORANGE HIGH SCH,Public,35,100.00%,51%,49%,51%,13.1,48117,39116,23.4,310290
NEWARK,EAST SIDE,Public,40,66.56%,54%,46%,64%,15.06,56000,50347,10,310895
EASTERN CAMDEN COUNTY REG,EASTERN HIGH SCHOOL,Public,50,34.62%,51%,49%,7%,16.41,101311,79991,5.6,310417
EDISON TOWNSHIP,EDISON TOWNSHIP H S,Public,50,58.58%,52%,48%,15%,13.58,96926,83891,8.1,310297
OFFICE OF EDUCATIONAL SERVICES DEPARTMENT OF CORRECTIONS,EDNA MAHAN CORRECTIONAL FACILITY FOR WOMEN,Public,5,75.00%,0%,100%,0%,1.6,#N/A,#N/A,#N/A,#N/A
EGG HARBOR TOWNSHIP,EGG HARBOR TOWNSHIP H S,Public,5,50.39%,50%,50%,23%,15.91,78570,68596,5.1,311581
ELIZABETH,ELIZABETH HS,Public,25,85.30%,40%,60%,65%,11.45,47169,43707,16.9,310306
EMERSON,EMERSON JR SR H S,Public,50,20.38%,51%,49%,4%,13.55,101019,96341,1.3,310348
EMILY FISHER CHARTER SCHOOL,EMILY FISHER SCH ADVANCED STDY,Public,920,99.46%,48%,52%,80%,11.18,#N/A,#N/A,#N/A,311472
MONMOUTH-OCEAN EDUCATIONA,ENHANCEMENT TECH PRG  LAKE,Public,85,50.00%,0%,100%,0%,0.67,#N/A,#N/A,#N/A,#N/A
ESSEX REGIONAL EDUCATIONA,ESSEX CAMPUS ACADEMY,Public,20,100.00%,78%,22%,33%,3,#N/A,#N/A,#N/A,#N/A
OFFICE OF EDUCATION JUVENILE JUSTICE COMMISSION,ESSEX COUNTY  YOUTH HOUSE,Public,41,97.86%,96%,4%,0%,10.77,#N/A,#N/A,#N/A,#N/A
ESSEX COUNTY VOCATIONAL S,ESSEX CTY V N 13TH ST NWK,Public,50,99.69%,44%,56%,79%,10.95,#N/A,#N/A,#N/A,#N/A
ESSEX COUNTY VOCATIONAL S,ESSEX CTY VOCATIONAL  WEST CALDW,Public,80,90.34%,50%,50%,58%,7.63,#N/A,#N/A,#N/A,#N/A
ESSEX COUNTY VOCATIONAL S,ESSEX CTY VOCATIONAL BLOOMFIELD,Public,20,98.74%,48%,52%,78%,11.88,#N/A,#N/A,#N/A,#N/A
ESSEX REGIONAL EDUCATIONA,ESSEX HIGH SCHOOL,Public,30,100.00%,61%,39%,39%,4.5,#N/A,#N/A,#N/A,#N/A
OFFICE OF EDUCATION JUVENILE JUSTICE COMMISSION,ESSEX RGC,Public,16,100.00%,100%,0%,0%,3.5,#N/A,#N/A,#N/A,#N/A
EWING TOWNSHIP,EWING HIGH SCHOOL,Public,50,68.03%,49%,51%,22%,12.85,88578,70576,8.9,311480
OFFICE OF EDUCATION DEPARTMENT OF CHILDREN AND FAMILIES,EWING RESIDENTIAL TREATMENT CENTER,Public,13,88.24%,100%,0%,0%,0,#N/A,#N/A,#N/A,#N/A
FAIR LAWN,FAIR LAWN HIGH SCHOOL,Public,50,27.84%,51%,49%,5%,15.45,109796,90992,2.9,310370
NEWARK,FAST TRACK SUCCESS ACADEMY,Public,2,100.00%,0%,0%,61%,0,56000,50347,10,#N/A
FLORENCE TOWNSHIP,FLORENCE TWP MEM H S,Public,50,38.18%,54%,46%,19%,13.62,86783,73789,2.2,310385
FORT LEE,FORT LEE HIGH SCHOOL,Public,50,62.16%,51%,49%,11%,13.75,90735,72425,6.4,310395
FRANKLIN TOWNSHIP,FRANKLIN TNSHIP HS,Public,50,77.98%,48%,52%,27%,13.64,81733,75994,7.7,310979
FREEHOLD REGIONAL HIGH SC,FREEHOLD BOROUGH H S,Public,50,36.01%,49%,51%,11%,18.48,#N/A,#N/A,#N/A,310405
FREEHOLD REGIONAL HIGH SC,FREEHOLD TOWNSHIP HS,Public,55,18.14%,46%,54%,4%,21.1,#N/A,#N/A,#N/A,310407
OFFICE OF EDUCATION JUVENILE JUSTICE COMMISSION,FRESH START,Public,17,100.00%,100%,0%,0%,2.5,#N/A,#N/A,#N/A,#N/A
OFFICE OF EDUCATIONAL SERVICES DEPARTMENT OF CORRECTIONS,GARDEN STATE CORRECTIONAL FACILITY,Public,6,92.81%,100%,0%,0%,8.18,#N/A,#N/A,#N/A,#N/A
GARFIELD,GARFIELD HIGH SCHOOL,Public,50,59.34%,50%,50%,55%,14.32,54779,50917,11.8,310415
GATEWAY REGIONAL,GATEWAY REGIONAL H S,Public,50,10.02%,50%,50%,21%,11.03,85186,70480,6.3,311633
OFFICE OF EDUCATION JUVENILE JUSTICE COMMISSION,GEORGE W  HERLICH JUV  DET  CENTER,Public,51,97.22%,92%,8%,0%,7.2,#N/A,#N/A,#N/A,#N/A
GLASSBORO,GLASSBORO H S,Public,50,46.89%,48%,52%,29%,11.62,65313,53708,15.6,310430
GLEN RIDGE,GLEN RIDGE H S,Public,50,15.16%,50%,50%,0%,14.58,167075,158173,1.7,310435
GLEN ROCK,GLEN ROCK JR-SR H S,Public,50,17.63%,50%,50%,1%,12.52,156667,138864,1,310438
GLOUCESTER CITY,GLOUCSTR CY JR-SR HS,Public,50,14.20%,48%,52%,45%,9.71,57042,47011,12.8,310445
GLOUCESTER COUNTY VOCATIO,GLOUCESTER COUNTY INST TECH,Public,10,15.85%,49%,51%,12%,13.94,#N/A,#N/A,#N/A,#N/A
BERKELEY HEIGHTS,GOV LIVINGSTN REG HS,Public,5,14.50%,49%,51%,1%,8.65,142279,129824,1.6,310093
OFFICE OF EDUCATION DEPARTMENT OF CHILDREN AND FAMILIES,GREYSTONE PARK PSYCHIATRIC HOSPITAL,Public,15,66.67%,33%,67%,0%,1.5,#N/A,#N/A,#N/A,#N/A
HACKENSACK,HACKENSACK H S,Public,50,76.71%,53%,47%,34%,16.42,67915,59835,10,310460
HACKETTSTOWN,HACKETTSTOWN H S,Public,50,15.41%,52%,48%,9%,17.71,69300,55929,8.1,310465
HADDON HEIGHTS,HADDON HEIGHTS JR  SR HIGH SCHOOL,Public,50,27.26%,49%,51%,14%,11.68,100869,79392,1.2,#N/A
HADDON TOWNSHIP,HADDON TOWNSHIP H S,Public,50,11.38%,50%,50%,8%,19.55,90539,71546,4.1,311594
HADDONFIELD BOROUGH,HADDONFIELD MEML H S,Public,50,7.65%,48%,52%,1%,15.69,129750,109259,3.5,310470
HAMILTON TOWNSHIP,HAMILTON H S EAST,Public,50,18.34%,50%,50%,5%,16.63,87566,72052,4.5,311483
HAMILTON TOWNSHIP,HAMILTON H NORTH NVM,Public,55,60.10%,48%,52%,32%,16.76,87566,72052,4.5,311484
HAMILTON TOWNSHIP,HAMILTON H S WEST,Public,60,45.09%,51%,49%,22%,16.07,87566,72052,4.5,311485
HAMMONTON TOWN,HAMMONTON H S,Public,50,17.61%,53%,47%,20%,16.82,72036,57303,11.5,310495
HANOVER PARK REGIONAL HIG,HANOVER PARK HIGH SC,Public,50,17.44%,51%,49%,2%,14.44,#N/A,#N/A,#N/A,310501
PATERSON,HARP ACADEMY,Public,4,#DIV/0!,#DIV/0!,#DIV/0!,#DIV/0!,0,39093,33858,26.1,311117
HARRISON,HARRISON HIGH SCHOOL,Public,50,69.55%,54%,46%,56%,12.12,51667,49596,13.3,310505
HASBROUCK HEIGHTS,HASBROUCK HTS H S,Public,50,40.96%,55%,45%,7%,12.86,101232,87806,4,310510
HAWTHORNE,HAWTHORNE H S,Public,50,25.25%,53%,47%,12%,16.87,87128,71684,6.3,310515
HENRY HUDSON REGIONAL SCH,HENRY HUDSON REG SCH,Public,50,12.72%,53%,47%,22%,11.23,85000,78058,6.7,310528
CARLSTADT-EAST RUTHERFORD,HENRY P BECTON REGIONAL H S,Public,50,39.96%,50%,50%,17%,14.35,74877,64283,5.6,#N/A
JERSEY CITY,HENRY SNYDER H S,Public,50,96.74%,52%,48%,67%,14.91,55202,51826,17,310600
HIGH POINT REGIONAL,HIGH POINT REG HIGHS,Public,30,6.54%,49%,51%,8%,11.88,87619,78125,4.5,311440
PATERSON,HIGH SCHOOL OF INFO TECH,Public,1,99.48%,55%,45%,68%,10.91,39093,33858,26.1,#N/A
HUDSON COUNTY VOCATIONAL,HIGH TECHNICAL HS,Public,50,66.56%,46%,54%,23%,10.33,#N/A,#N/A,#N/A,311012
MONMOUTH COUNTY VOCATIONA,HIGH TECHNOLOGY HS,Public,10,47.76%,62%,38%,1%,11.17,#N/A,#N/A,#N/A,310694
BLACK HORSE PIKE REGIONAL,HIGH SCHOOLLAND HIGH SCHOOL,Public,20,38.57%,52%,48%,18%,19.4,77119,65496,6,#N/A
HIGHLAND PARK,HIGH SCHOOLLAND PARK HIGH SCHOOL,Public,50,52.06%,51%,49%,17%,15.07,96733,71307,8.7,#N/A
EAST WINDSOR REGIONAL,HIGH SCHOOLTSTOWN HIGH SCHOOL,Public,50,51.49%,53%,47%,19%,12.76,96891,82222,4.7,#N/A
UNION COUNTY EDUCATIONAL,HILLCREST ACADEMY  NORTH,Public,20,96.67%,60%,40%,65%,8,#N/A,#N/A,#N/A,#N/A
UNION COUNTY EDUCATIONAL,HILLCREST ACADEMY  SOUTH,Public,25,96.88%,50%,50%,66%,8,#N/A,#N/A,#N/A,#N/A
HILLSBOROUGH TOWNSHIP,HILLSBOROUGH H SCH,Public,30,22.82%,52%,48%,4%,16.12,115427,102834,1.7,310073
HILLSIDE TOWNSHIP,HILLSIDE HIGH SCHOOL,Public,50,90.07%,53%,47%,36%,12.18,73816,60602,9.6,310545
HOBOKEN CHARTER SCHOOL,HOBOKEN CS,Public,930,57.30%,50%,50%,10%,9.13,#N/A,#N/A,#N/A,#N/A
HOBOKEN,HOBOKEN HIGH SCHOOL,Public,5,84.57%,57%,43%,61%,16.85,130068,105710,9.4,310555
HOLMDEL TOWNSHIP,HOLMDEL HIGH SCHOOL,Public,20,32.92%,52%,48%,1%,11.71,151103,138263,2.9,310566
HOPATCONG BOROUGH,HOPATCONG HIGH SCH,Public,30,20.28%,53%,47%,15%,16.44,90612,83814,3,310503
FREEHOLD REGIONAL HIGH SC,HOWELL HIGH SCHOOL,Public,60,12.04%,49%,51%,2%,16.39,#N/A,#N/A,#N/A,310375
PATERSON,HIGH SCHOOL GOVERN & PUBLIC ADMIN,Public,3,98.97%,54%,46%,72%,10.8,39093,33858,26.1,#N/A
PATERSON,HIGH SCHOOL HOSPITALITY TOUR & CULINARY ARTS,Public,2,99.34%,50%,50%,68%,11.82,39093,33858,26.1,#N/A
OFFICE OF EDUCATION JUVENILE JUSTICE COMMISSION,HUDSON COUNTY  YOUTH HOUSE,Public,43,100.00%,100%,0%,0%,6.2,#N/A,#N/A,#N/A,#N/A
HUNTERDON CENTRAL REGIONA,HUNTERDON CENT H S,Public,50,13.04%,52%,48%,4%,13.45,127288,110218,3.3,310380
OFFICE OF EDUCATION DEPARTMENT OF CHILDREN AND FAMILIES,INDEPENDENCE HIGH SCHOOL,Public,18,100.00%,52%,48%,0%,4.83,#N/A,#N/A,#N/A,#N/A
RAMAPO INDIAN HILLS REGIO,INDIAN HILLS HIGH SCHOOL,Public,30,7.79%,46%,54%,2%,13.37,#N/A,#N/A,#N/A,#N/A
BURLINGTON COUNTY VOCATIO,INST OF TECH  MEDFORD CAMP,Public,40,36.89%,55%,45%,25%,14,#N/A,#N/A,#N/A,#N/A
BURLINGTON COUNTY VOCATIO,INST OF TECH  WESTAMPTON,Public,30,72.34%,46%,54%,30%,15.76,#N/A,#N/A,#N/A,#N/A
OFFICE OF EDUCATION JUVENILE JUSTICE COMMISSION,INTEGRITY INC,Public,75,90.91%,100%,0%,0%,5.5,#N/A,#N/A,#N/A,#N/A
PATERSON,INTERNATIONAL HIGH SCHOOL,Public,35,96.05%,38%,62%,68%,9.57,39093,33858,26.1,#N/A
IRVINGTON TOWNSHIP,IRVINGTON HIGH SCHOOL,Public,50,99.86%,55%,45%,46%,12.96,49940,44096,16.2,#N/A
OFFICE OF EDUCATION JUVENILE JUSTICE COMMISSION,ISLES COMMUNITY CAR,Public,79,100.00%,100%,0%,0%,19,#N/A,#N/A,#N/A,#N/A
EDISON TOWNSHIP,J P STEVENS HIGH SCH,Public,53,76.65%,50%,50%,8%,15.54,96926,83891,8.1,310787
OCEAN COUNTY VOCATIONAL S,JACKSON CENTER,Public,20,9.43%,95%,5%,14%,8.83,#N/A,#N/A,#N/A,#N/A
JACKSON TOWNSHIP,JACKSON LIBERTY HIGH SCHOOL,Public,25,21.01%,52%,48%,13%,15.44,92545,82977,4.2,#N/A
JACKSON TOWNSHIP,JACKSON MEMORIAL H S,Public,20,14.56%,52%,48%,8%,15.7,92545,82977,4.2,310583
CALDWELL-WEST CALDWELL,JAMES CALDWELL H S,Public,50,15.54%,49%,51%,1%,14.8,106675,90742,2.9,311578
JERSEY CITY,JAMES J FERRIS H S,Public,60,94.27%,53%,47%,54%,16.06,55202,51826,17,310605
JEFFERSON TOWNSHIP,JEFFERSON TWP H S,Public,20,14.26%,51%,49%,0%,14.58,104907,92686,3.6,311043
ELIZABETH,JOHN E DWYER TECH ACADEMY,Public,401,95.19%,67%,33%,82%,10.4,47169,43707,16.9,#N/A
PATERSON,JOHN F KENNEDY H S,Public,30,93.29%,51%,49%,71%,10.24,39093,33858,26.1,311100
WOODBRIDGE TOWNSHIP,JOHN F KENNEDY MEM H,Public,40,62.36%,51%,49%,24%,14.45,86960,77283,5.5,#N/A
SPRINGFIELD,JONATHAN DAYTON HIGH SCHOOL,Public,10,26.38%,53%,47%,5%,12.93,111808,87913,2.4,#N/A
BURLINGTON COUNTY SPECIAL,JRSR HIGH SCHOOL,Public,10,66.67%,75%,25%,32%,5.53,#N/A,#N/A,#N/A,#N/A
OFFICE OF EDUCATION JUVENILE JUSTICE COMMISSION,JUVENILE FEMALE SECURE UNIT,Public,30,95.45%,0%,100%,0%,2.75,#N/A,#N/A,#N/A,#N/A
OFFICE OF EDUCATION JUVENILE JUSTICE COMMISSION,JUVENILE MEDIUM SECURE FACILITY,Public,31,93.16%,100%,0%,0%,3,#N/A,#N/A,#N/A,#N/A
KEANSBURG BOROUGH,KEANSBURG JR-SR H S,Public,10,27.37%,54%,46%,45%,11.33,57644,45659,15.4,310653
KEARNY,KEARNY HIGH SCHOOL,Public,50,60.22%,52%,48%,20%,12.1,68557,58589,9.2,310655
KEYPORT,KEYPORT HIGH SCHOOL,Public,50,25.75%,52%,48%,27%,15.65,76809,55466,8.7,310665
KINGSWAY REGIONAL HIGH,KINGSWAY REG H S,Public,50,21.66%,52%,48%,7%,17.75,#N/A,#N/A,#N/A,311445
KINNELON BOROUGH,KINNELON HIGH SCHOOL,Public,50,7.36%,46%,54%,1%,10.19,145227,138405,1.5,310667
KITTATINNY REGIONAL,KITTATINNY REG H S,Public,50,4.45%,51%,49%,3%,13.52,98074,85614,4.2,311002
LACEY TOWNSHIP,LACEY TOWNSHIP H S,Public,20,5.50%,51%,49%,13%,12.27,84205,73750,3.5,310677
LAKELAND REGIONAL,LAKELAND REG HIGH SC,Public,50,13.69%,52%,48%,10%,15.38,96783,90339,2.6,311567
LAKEWOOD TOWNSHIP,LAKEWOOD HIGH SCHOOL,Public,50,88.30%,50%,50%,77%,14.66,48514,42618,25,310670
MORRIS COUNTY VOCATIONAL,LAW & PUBLIC SAFETY,Public,10,14.52%,50%,50%,0%,62,#N/A,#N/A,#N/A,#N/A
LAWRENCE TOWNSHIP,LAWRENCE HS NORTH,Public,40,50.13%,53%,47%,11%,14.25,105988,88082,6.4,311487
LEAP ACADEMY UNIVERSITY CS,LEAP ACADEMY UNIVERSITY CS,Public,931,99.88%,45%,55%,76%,14.65,#N/A,#N/A,#N/A,#N/A
LENAPE REGIONAL ,LENAPE HIGH SCHOOL,Public,50,28.42%,50%,50%,8%,15.28,101780,85261,3.1,310762
LENAPE VALLEY REGIONAL ,LENAPE VLY REG H S,Public,50,11.64%,53%,47%,7%,13.44,98684,87804,2.7,311411
LEONIA,LEONIA HIGH SCHOOL,Public,50,65.14%,51%,49%,10%,12.3,92951,68206,7,310690
JERSEY CITY,LIBERTY HS,Public,82,90.05%,41%,59%,54%,10.05,55202,51826,17,310623
JERSEY CITY,LINCOLN,Public,70,97.63%,47%,53%,61%,12.44,55202,51826,17,310615
LINDEN,LINDEN HIGH SCHOOL,Public,50,75.47%,51%,49%,36%,15.79,65237,56467,7.2,310695
LINDENWOLD BOROUGH,LINDENWOLD HS,Public,5,79.10%,51%,49%,51%,11.48,56070,47180,11,310692
LIVINGSTON TOWNSHIP,LIVINGSTON HIGH SCH,Public,50,31.80%,52%,48%,1%,13.69,141441,124936,2.5,310705
SOUTH BERGEN JOINTURE COM,LODI ANNEX,Public,50,42.72%,70%,30%,24%,5.72,#N/A,#N/A,#N/A,#N/A
LODI,LODI HIGH SCHOOL,Public,50,65.18%,50%,50%,39%,14.75,65673,54652,13.5,310710
LONG BRANCH,LONG BRANCH HIGH SCH,Public,50,70.21%,52%,48%,63%,11.12,57807,52456,14,310720
LOWER CAPE MAY REGIONAL,LWR CAPE MAY REG HS,Public,50,12.23%,54%,46%,25%,16.46,54724,48674,9.5,310210
BURLINGTON COUNTY SPECIAL,LUMBERTON CAMPUS,Public,55,60.66%,82%,18%,18%,1.97,#N/A,#N/A,#N/A,#N/A
LYNDHURST TOWNSHIP,LYNDHURST H S,Public,50,33.91%,53%,47%,13%,14.44,83895,70591,4.4,310730
OCEAN COUNTY VOCATIONAL S,M A T E S,Public,45,12.83%,56%,44%,3%,10.76,#N/A,#N/A,#N/A,#N/A
MADISON,MADISON HIGH SCHOOL,Public,50,19.50%,50%,50%,6%,13.95,132091,104190,4.9,310740
MAHWAH TOWNSHIP,MAHWAH HIGH SCHOOL,Public,50,19.19%,53%,47%,5%,13.2,111081,98430,1.1,310742
MAINLAND REGIONAL,MAINLAND REGIONAL HS,Public,50,21.74%,52%,48%,13%,15.72,73411,64454,6.8,310698
NEWARK,MALCOLM X SHABAZZ HS,Public,50,100.00%,54%,46%,71%,14.97,56000,50347,10,310960
FREEHOLD REGIONAL,MANALAPAN HIGH SCH,Public,70,13.82%,52%,48%,3%,17.48,111907,98603,3.7,310367
MANASQUAN,MANASQUAN H S,Public,50,10.34%,50%,50%,8%,16.16,106250,91375,5.3,310745
MANCHESTER TOWNSHIP,MANCHESTER TWSP HS,Public,40,32.79%,52%,48%,18%,14.64,52213,37397,6.5,310746
PASSAIC COUNTY MANCHESTER,MANCHESTER REG H S,Public,10,72.77%,51%,49%,47%,15.12,84456,77556,6,311124
MANVILLE BOROUGH,MANVILLE HIGH SCH,Public,50,35.73%,49%,51%,19%,14.82,61014,54397,6,310749
MAPLE SHADE TOWNSHIP,MAPLE SHADE HIGH SCH,Public,30,22.80%,50%,50%,22%,15.79,65305,49860,7.7,310748
MONMOUTH COUNTY VOCATIONA,MARINE ACADEMY TECH & ENV SCI,Public,20,9.28%,49%,51%,1%,11.19,#N/A,#N/A,#N/A,311473
FREEHOLD REGIONAL,MARLBORO HIGH SCHOOL,Public,80,24.90%,52%,48%,1%,18,111907,98603,3.7,310752
MATAWAN-ABERDEEN REGIONAL,MATAWAN REGIONAL H S,Public,50,33.57%,50%,50%,15%,12.55,92183,76235,5.9,310755
MORRIS COUNTY VOCATIONAL,MATH SCIENCE&ENGINEERING,Public,20,51.14%,59%,41%,0%,0,#N/A,#N/A,#N/A,#N/A
MERCER COUNTY VOCATIONAL,MCVS ASSUNPINK CENT,Public,30,64.02%,58%,42%,23%,12.91,#N/A,#N/A,#N/A,#N/A
MERCER COUNTY VOCATIONAL,MCVS PERFORMING ARTS,Public,39,#DIV/0!,#DIV/0!,#DIV/0!,#DIV/0!,0,#N/A,#N/A,#N/A,#N/A
MERCER COUNTY VOCATIONAL,MCVS SYPEK CENTER,Public,40,62.69%,67%,33%,25%,8.38,#N/A,#N/A,#N/A,#N/A
MIDDLESEX COUNTY VOCATION,MDSX COUNTY VOCATIONAL ACD SCI  ENG,Public,10,57.14%,58%,42%,0%,11.85,#N/A,#N/A,#N/A,#N/A
MIDDLESEX COUNTY VOCATION,MDSX COUNTY VOCATIONAL E BRUNSWICK,Public,40,36.42%,59%,41%,21%,10.26,#N/A,#N/A,#N/A,#N/A
MIDDLESEX COUNTY VOCATION,MDSX COUNTY VOCATIONAL PERTH AMBOY,Public,60,83.61%,58%,42%,47%,14.24,#N/A,#N/A,#N/A,#N/A
MIDDLESEX COUNTY VOCATION,MDSX COUNTY VOCATIONAL PISCATAWAY,Public,65,79.62%,52%,48%,44%,10.29,#N/A,#N/A,#N/A,#N/A
MIDDLESEX COUNTY VOCATION,MDSX COUNTY VOCATIONAL WOODBRIDGE (HEALTH BIOMED),Public,70,80.61%,33%,67%,13%,8.68,#N/A,#N/A,#N/A,#N/A
WEST NEW YORK,MEMORIAL HIGH SCHOOL,Public,50,96.61%,50%,50%,61%,12.67,42746,42561,17.8,311595
ELMWOOD PARK,MEMORIAL JR-SR H S,Public,50,52.55%,51%,49%,21%,18.6,74951,62886,5.4,310292
OFFICE OF EDUCATION JUVENILE JUSTICE COMMISSION,MERCER COUNTY   YOUTH DET   CENTER,Public,44,100.00%,90%,10%,0%,14.5,#N/A,#N/A,#N/A,#N/A
MERCER COUNTY SPECIAL SER,MERCER ELEMENTARY SCHOOL,Public,70,65.10%,78%,22%,38%,7.73,#N/A,#N/A,#N/A,#N/A
MERCER COUNTY SPECIAL SER,MERCER JR  SR HIGH SCHOOL,Public,55,65.78%,64%,36%,38%,5.7,#N/A,#N/A,#N/A,#N/A
CAMDEN CITY,MET EAST HIGH SCHOOL,Public,305,97.85%,40%,60%,55%,6.64,27956,25418,38.3,#N/A
METUCHEN,METUCHEN HIGH SCHOOL,Public,50,22.43%,47%,53%,6%,14.51,122722,88864,2.6,310785
MIDDLE TOWNSHIP,MIDDLE TWP HIGH SCHOOL,Public,50,22.26%,52%,48%,21%,11.87,63267,59660,5.9,#N/A
OFFICE OF EDUCATION JUVENILE JUSTICE COMMISSION,MIDDLESEX COUNTY  YOUTH CENTER,Public,45,76.12%,90%,10%,0%,13.4,#N/A,#N/A,#N/A,#N/A
MIDDLESEX COUNTY EDUCATIO,MIDDLESEX COUNTY ACADEMY,Public,4,84.21%,74%,26%,47%,5.94,#N/A,#N/A,#N/A,310286
MIDDLESEX BOROUGH,MIDDLESEX HIGH SCH,Public,50,36.40%,52%,48%,14%,12.95,88787,79132,2.4,310792
OFFICE OF EDUCATION DEPARTMENT OF CHILDREN AND FAMILIES,MIDDLESEX REGIONAL SCHOOL,Public,20,67.74%,19%,81%,0%,4.43,#N/A,#N/A,#N/A,#N/A
MIDDLETOWN TOWNSHIP,MIDDLETOWN HS NORTH,Public,50,11.15%,52%,48%,8%,15.67,111107,94665,3.7,310793
MIDDLETOWN TOWNSHIP,MIDDLETOWN HS SOUTH,Public,53,7.76%,49%,51%,4%,16.98,111107,94665,3.7,310791
MIDLAND PARK BOROUGH,MIDLAND PARK H S,Public,50,100.00%,0%,0%,0%,12.62,97021,86920,3.5,310794
MILLBURN TOWNSHIP,MILLBURN HIGH SCHOOL,Public,50,21.51%,52%,48%,1%,13.97,202365,169678,1.5,310795
MILLVILLE,MILLVILLE SENIOR H S,Public,50,41.56%,49%,51%,39%,12.08,55255,47244,20.9,310800
MONMOUTH COUNTY VOCATIONA,MONMOUTH CTY VOCATIONAL TECH H S,Public,50,18.18%,59%,41%,23%,1.26,#N/A,#N/A,#N/A,#N/A
OFFICE OF EDUCATION JUVENILE JUSTICE COMMISSION,MONMOUTH DAY,Public,21,100.00%,100%,0%,0%,1.75,#N/A,#N/A,#N/A,#N/A
MONMOUTH REGIONAL,MONMOUTH REG H S,Public,50,39.41%,50%,50%,15%,11.49,90467,71250,6.3,310296
OFFICE OF EDUCATION DEPARTMENT OF CHILDREN AND FAMILIES,MONMOUTH TRANSITIONAL EDUCATION CENTER,Public,180,75.00%,0%,100%,0%,0,#N/A,#N/A,#N/A,#N/A
MONROE TOWNSHIP,MONROE TOWNSHIP H S,Public,5,30.45%,50%,50%,5%,11.87,81763,65911,7.6,310584
MONTCLAIR,MONTCLAIR HIGH SCH,Public,50,50.26%,51%,49%,12%,16.9,121464,92873,7,310820
MONTGOMERY TOWNSHIP,MONTGOMERY HIGH SCH,Public,30,33.59%,52%,48%,2%,16.14,168607,145827,1.8,311359
MONTVILLE TOWNSHIP,MONTVILLE TWP H S,Public,10,26.96%,52%,48%,0%,14.07,133930,118750,2.1,310826
MOORESTOWN TOWNSHIP,MOORESTOWN HIGH SCH,Public,40,20.80%,50%,50%,6%,14.08,128811,108995,2.7,310825
OFFICE OF EDUCATION JUVENILE JUSTICE COMMISSION,MORRIS COUNTY  YOUTH CENTER,Public,47,50.00%,90%,10%,0%,5,#N/A,#N/A,#N/A,#N/A
MORRIS COUNTY VOCATIONAL,MORRIS COUNTY SCHOOL OF TECH,Public,50,26.15%,43%,57%,5%,11.5,#N/A,#N/A,#N/A,#N/A
MORRIS HILLS REGIONAL,MORRIS HILLS HIGH SCHOOL,Public,50,38.84%,51%,49%,17%,13.17,107354,93059,2.1,#N/A
MORRIS HILLS REGIONAL,MORRIS KNOLLS HIGH SCHOOL,Public,60,20.24%,52%,48%,4%,14.66,107354,93059,2.1,#N/A
OFFICE OF EDUCATION DEPARTMENT OF CHILDREN AND FAMILIES,MORRIS TRANSITIONAL EDUCATION CENTER,Public,188,30.77%,100%,0%,0%,0,#N/A,#N/A,#N/A,#N/A
MORRIS SCHOOL DISTRICT,MORRISTOWN H S,Public,50,39.88%,53%,47%,17%,14.75,#N/A,#N/A,#N/A,310840
MOUNTAIN LAKES,MOUNTAIN LAKES H S,Public,50,12.05%,51%,49%,1%,12.09,204861,181938,2.6,310855
MOUNT OLIVE TOWNSHIP,MT OLIVE H S,Public,10,24.11%,52%,48%,8%,12,98728,74809,4.7,310378
BERGEN COUNTY SPECIAL SER,N A BLESHMAN REGIONAL DAY PARA,Public,2,50.00%,49%,51%,13%,4,#N/A,#N/A,#N/A,#N/A
NORTHERN BURLINGTON ,NO BURLINGTON CO REG,Public,50,24.87%,50%,50%,5%,15.13,84087,76068,3.7,310252
MERCER COUNTY SPECIAL SER,N J REGIONAL DAY  HAMILTON,Public,5,50.00%,79%,21%,26%,5.68,#N/A,#N/A,#N/A,#N/A
MIDDLESEX COUNTY EDUCATIO,N J REGIONAL DAY  PISCATAWAY,Public,6,68.22%,64%,36%,45%,6.29,#N/A,#N/A,#N/A,#N/A
BERGEN COUNTY SPECIAL SER,N J REGIONAL DAY MILLBURN,Public,3,67.44%,51%,49%,19%,3.91,#N/A,#N/A,#N/A,#N/A
NORTHERN VALLEY REGIONAL,N VALLEY REGIONAL H DEMAREST,Public,50,34.32%,55%,45%,0%,15.59,125800,113932,3,#N/A
NORTHERN VALLEY REGIONAL,N VALLEY REGIONAL H OLD TAPPAN,Public,60,35.02%,53%,47%,0%,15.44,125800,113932,3,#N/A
NORTH WARREN REGIONAL SCH,N WARREN REGIONAL HIGH SCHOOL,Public,50,4.92%,54%,46%,5%,15.08,95202,83848,4.8,#N/A
NEPTUNE TOWNSHIP,NEPTUNE SENIOR H SCH,Public,50,75.29%,52%,48%,40%,14.6,78965,58178,10.4,311050
NEW BRUNSWICK,NEW BRUNSWICK HS,Public,50,99.07%,50%,50%,64%,17.49,44225,45645,25.6,310995
PLUMSTED TOWNSHIP,NEW EGYPT HS,Public,10,7.48%,52%,48%,10%,15.76,89383,77788,5.8,310988
OFFICE OF EDUCATION JUVENILE JUSTICE COMMISSION,NEW JERSEY TRAINING SCHOOL,Public,33,90.32%,100%,0%,0%,3.8,#N/A,#N/A,#N/A,#N/A
OFFICE OF EDUCATION DEPARTMENT OF CHILDREN AND FAMILIES,NEW LISBON DEVEL CENTER,Public,37,100.00%,100%,0%,0%,1,#N/A,#N/A,#N/A,#N/A
NEW MILFORD,NEW MILFORD H S,Public,50,43.38%,50%,50%,5%,16.14,96132,73729,4.5,310997
NEW PROVIDENCE,NEW PROVIDENCE H S,Public,50,16.80%,51%,49%,1%,14.33,142939,111858,4.1,310999
NEWARK,NEWARK INNOVATION ACADEMY,Public,3,100.00%,0%,0%,49%,169.5,56000,50347,10,#N/A
OFFICE OF EDUCATION JUVENILE JUSTICE COMMISSION,NEWARK RENAISSANCE,Public,74,66.67%,100%,0%,0%,12,#N/A,#N/A,#N/A,#N/A
NEWARK,NEWARK VOCATIONAL H S,Public,45,99.54%,38%,62%,78%,15.43,56000,50347,10,#N/A
NEWTON,NEWTON HIGH SCHOOL,Public,50,16.33%,52%,48%,11%,13.96,75561,44109,10.6,311000
OFFICE OF EDUCATION DEPARTMENT OF CHILDREN AND FAMILIES,NO JERSEY DEVEL CENTER,Public,38,50.00%,100%,0%,0%,4,#N/A,#N/A,#N/A,#N/A
NORTH ARLINGTON,NORTH ARLINGTON H S,Public,50,27.14%,53%,47%,13%,12.25,89418,71914,4,311010
NORTH BERGEN,NORTH BERGEN HIGH SCHOOL,Public,50,89.24%,52%,48%,48%,17.76,59633,51497,10.9,#N/A
NORTH BRUNSWICK TOWNSHIP,NO BRUNSWICK TWP HS,Public,40,67.17%,51%,49%,23%,15.96,92630,78405,7.3,311019
NORTH HUNTERDON-VOORHEES,NO HUNTERDON REGIONAL HIGH SCHOOL,Public,50,9.73%,48%,52%,1%,14.84,123722,104091,3.7,310005
NORTH PLAINFIELD BOROUGH,NORTH PLAINFIELD H,Public,50,86.74%,50%,50%,41%,13.16,68000,64492,5.8,311020
NORTH STAR ACADEMY CHARTER SCH,NORTH STAR ACADEMY  CS OF NEWARK,Public,960,99.68%,43%,57%,56%,11.45,#N/A,#N/A,#N/A,#N/A
NORTHERN HIGHLANDS REGION,NO HIGHLANDS REGIONAL HIGH SCHOOL,Public,50,17.15%,50%,50%,0%,13.24,153602,141025,1.3,310001
OFFICE OF EDUCATIONAL SERVICES DEPARTMENT OF CORRECTIONS,NORTHERN STATE PRISON,Public,10,100.00%,100%,0%,0%,1,#N/A,#N/A,#N/A,#N/A
NUTLEY,NUTLEY HIGH SCHOOL,Public,50,25.33%,47%,53%,6%,14.59,98135,76994,2.8,311035
MIDDLESEX COUNTY EDUCATIO,NUVIEW ACADEMY,Public,90,75.00%,71%,29%,23%,8.48,#N/A,#N/A,#N/A,#N/A
GREATER EGG HARBOR REGION,OAKCREST HIGH SCHOOL,Public,50,46.32%,50%,50%,30%,14.35,70028,60260,7.6,310758
CAPE MAY COUNTY SPECIAL S,OCEAN ACADEMY,Public,95,34.29%,71%,29%,24%,5.53,#N/A,#N/A,#N/A,#N/A
OCEAN COUNTY VOCATIONAL S,OCEAN CENTER,Public,40,18.31%,77%,23%,17%,8.88,#N/A,#N/A,#N/A,#N/A
OCEAN CITY,OCEAN CITY H S,Public,50,7.41%,50%,50%,10%,12.75,83810,57597,7.6,311045
OFFICE OF EDUCATION JUVENILE JUSTICE COMMISSION,OCEAN COUNTY   JUV   DET   CENTER,Public,48,47.37%,89%,11%,0%,3.8,#N/A,#N/A,#N/A,#N/A
OFFICE OF EDUCATION JUVENILE JUSTICE COMMISSION,OCEAN RGC,Public,22,95.00%,100%,0%,0%,5,#N/A,#N/A,#N/A,#N/A
OCEAN TOWNSHIP,OCEAN TWP H S,Public,30,27.06%,50%,50%,13%,14.05,96373,79494,5.8,311039
OCEAN COUNTY VOCATIONAL S,OCVTS  NAVY LAKEHRST CENTER,Public,100,15.38%,82%,18%,15%,7.8,#N/A,#N/A,#N/A,#N/A
OLD BRIDGE TOWNSHIP,OLD BRIDGE HIGH SCHOOL,Public,40,36.01%,50%,50%,13%,14.41,96185,83511,3.6,#N/A
CITY OF ORANGE TOWNSHIP,ORANGE HIGH SCHOOL,Public,50,99.62%,54%,46%,41%,12,#N/A,#N/A,#N/A,311060
PINE HILL BOROUGH,OVERBROOK REG SR H S,Public,10,38.30%,49%,51%,34%,11.96,67366,53799,11.3,310235
PALISADES PARK,PALISADES PARK JR  SR HIGH SCHOOL,Public,50,81.60%,53%,47%,24%,8.35,72184,62303,12.5,#N/A
PALMYRA BOROUGH,PALMYRA HIGH SCHOOL,Public,50,40.38%,52%,48%,22%,10.14,73438,61844,6.1,311070
PATERSON,PANTHER,Public,5,#DIV/0!,#DIV/0!,#DIV/0!,#DIV/0!,0,39093,33858,26.1,311104
PARAMUS,PARAMUS HIGH SCHOOL,Public,50,37.17%,51%,49%,2%,16.87,122527,102847,3.9,311073
MORRIS CO ED SERVICES COMMISSION,PARK LAKE SCHOOL,Public,80,18.37%,86%,14%,6%,4.62,#N/A,#N/A,#N/A,#N/A
PARK RIDGE,PARK RIDGE H S,Public,50,17.89%,50%,50%,2%,13.31,116183,101583,1.2,311075
PARSIPPANY-TROY HILLS TOW,PARSIPPANY HIGH SCH,Public,50,46.26%,50%,50%,8%,14.97,103222,84487,3.4,311078
PARSIPPANY-TROY HILLS TOW,PARSIPPANY HILLS H S,Public,53,45.40%,51%,49%,6%,14.05,103222,84487,3.4,311079
PASCACK VALLEY REGIONAL ,PASCACK HILLS H S,Public,40,14.76%,50%,50%,0%,15.36,136355,119917,2.5,310823
PASCACK VALLEY REGIONAL ,PASCACK VALLEY H S,Public,50,11.71%,50%,50%,2%,16.99,136355,119917,2.5,310540
PASSAIC COUNTY VOCATIONAL,PASSAIC COUNTY TECH INSTITUTE,Public,50,89.93%,49%,51%,59%,11.8,#N/A,#N/A,#N/A,#N/A
PASSAIC CITY,PASSAIC HIGH SCH,Public,50,99.10%,48%,52%,71%,12.94,34131,31022,27.7,311085
PASSAIC VALLEY REGIONAL ,PASSAIC VALLEY H S,Public,50,30.61%,51%,49%,11%,13.38,82656,69292,8.7,310700
PATERSON CHARTER SCHOOL,PATERSON CS FOR SCI  TECH,Public,970,94.27%,44%,56%,63%,14.1,#N/A,#N/A,#N/A,#N/A
PAULSBORO,PAULSBORO H S,Public,50,57.81%,53%,47%,43%,9.77,61184,46897,15.6,311155
PEMBERTON TOWNSHIP,PEMBERTON TWP HS II,Public,55,48.70%,49%,51%,29%,11.4,73340,63219,9.3,311162
PENNS GROVE-CARNEYS POINT,PENNS GROVE HIGH SCH,Public,50,64.47%,53%,47%,51%,10.91,54467,45805,15.4,311175
PENNSAUKEN TOWNSHIP,PENNSAUKEN H SCH,Public,50,82.68%,52%,48%,42%,13.94,68902,59589,9,311173
PENNSVILLE TOWNSHIP,PENNSVILLE MEM H S,Public,50,6.17%,53%,47%,16%,11.85,73170,59875,5.8,311182
PEQUANNOCK TOWNSHIP,PEQUANNOCK TWP H S,Public,50,6.52%,52%,48%,3%,13.4,117661,88668,2.9,311252
OCEAN COUNTY VOCATIONAL S,PERFORMING ARTS ACADEMY,Public,55,16.15%,16%,84%,3%,8.35,#N/A,#N/A,#N/A,#N/A
PERTH AMBOY,PERTH AMBOY H S,Public,50,97.48%,51%,49%,49%,18.03,52551,47782,17.9,311185
PHILLIPSBURG,PHILLIPSBURG H S,Public,50,22.65%,51%,49%,18%,16.38,51851,43125,16.3,311200
PINELANDS REGIONAL,PINELANDS REG HIGH S,Public,50,6.70%,51%,49%,24%,13.26,64613,57150,8.6,311507
PISCATAWAY TOWNSHIP,PISCATAWAY HIGH SCH,Public,50,77.90%,52%,48%,14%,15.43,92266,85157,5,310998
PITMAN,PITMAN HIGH SCHOOL,Public,50,3.40%,45%,55%,9%,12.56,87097,66647,7.7,311215
PLAINFIELD,PLAINFIELD H S,Public,50,99.50%,52%,48%,58%,12.54,68000,64492,5.8,311020
PLEASANTVILLE,PLEASANTVILLE H S,Public,50,89.07%,51%,49%,64%,8.75,48938,39806,16.8,311235
POINT PLEASANT BEACH,POINT PLEASANT BCH HIGH SCHOOL,Public,50,25.54%,42%,40%,2%,18.99,60714,55946,4.5,#N/A
POINT PLEASANT BOROUGH,POINT PLEASANT HIGH SCHOOL,Public,30,4.13%,48%,52%,5%,15.2,90372,75737,3.2,#N/A
POMPTON LAKES,POMPTON LAKES H S,Public,50,20.00%,53%,47%,6%,12.16,96250,89022,1.8,311250
PRINCETON REGIONAL,PRINCETON H S,Public,50,33.17%,50%,50%,5%,13.76,154630,106119,7.2,311255
BERGEN COUNTY SPECIAL SER,PROG 1  HEARING IMPAIRED,Public,30,68.13%,57%,43%,26%,4.79,#N/A,#N/A,#N/A,#N/A
BERGEN COUNTY SPECIAL SER,PROG 2  MULTIPLY HANDICAPD,Public,40,41.79%,61%,39%,13%,9.57,#N/A,#N/A,#N/A,#N/A
BERGEN COUNTY SPECIAL SER,PROG 3  EMOTIONALLY DISTUR,Public,50,62.42%,77%,23%,26%,4.52,#N/A,#N/A,#N/A,#N/A
BERGEN COUNTY SPECIAL SER,PROG 5  LIFE SKILLS,Public,70,50.75%,61%,39%,15%,4.79,#N/A,#N/A,#N/A,#N/A
BERGEN COUNTY SPECIAL SER,PROG 6  AUTISTIC,Public,100,54.90%,78%,22%,18%,3.19,#N/A,#N/A,#N/A,#N/A
OFFICE OF EDUCATION DEPARTMENT OF CHILDREN AND FAMILIES,PROJECT TEACH - ATLANTIC,Public,186,#DIV/0!,#DIV/0!,#DIV/0!,#DIV/0!,0,#N/A,#N/A,#N/A,#N/A
OFFICE OF EDUCATION DEPARTMENT OF CHILDREN AND FAMILIES,PROJECT TEACH - BURLINGTON,Public,191,90.00%,0%,100%,0%,0,#N/A,#N/A,#N/A,#N/A
OFFICE OF EDUCATION DEPARTMENT OF CHILDREN AND FAMILIES,PROJECT TEACH - CAPE MAY,Public,190,#DIV/0!,#DIV/0!,#DIV/0!,#DIV/0!,0,#N/A,#N/A,#N/A,#N/A
OFFICE OF EDUCATION DEPARTMENT OF CHILDREN AND FAMILIES,PROJECT TEACH - MERCER,Public,187,100.00%,0%,100%,0%,0,#N/A,#N/A,#N/A,#N/A
OFFICE OF EDUCATION DEPARTMENT OF CHILDREN AND FAMILIES,PROJECT TEACH - MONMOUTH,Public,185,#DIV/0!,#DIV/0!,#DIV/0!,#DIV/0!,0,#N/A,#N/A,#N/A,#N/A
OFFICE OF EDUCATION DEPARTMENT OF CHILDREN AND FAMILIES,PROJECT TEACH - WARREN,Public,189,#DIV/0!,#DIV/0!,#DIV/0!,#DIV/0!,0,#N/A,#N/A,#N/A,#N/A
RAHWAY,RAHWAY SENIOR H S,Public,50,80.93%,53%,47%,37%,13.05,82571,61751,6.7,311280
RAMAPO-INDIAN HILL,RAMAPO HIGH SCHOOL,Public,50,10.04%,50%,50%,0%,11.43,141250,130300,2.1,310402
RAMSEY,RAMSEY HIGH SCHOOL,Public,50,13.69%,51%,49%,2%,14.59,135000,118037,3.7,311290
RANCOCAS VALLEY REGIONAL,RANCOCAS VY REG H S,Public,50,41.70%,52%,48%,12%,19.79,88641,73522,5.7,310865
RANDOLPH TOWNSHIP,RANDOLPH HIGH SCHOOL,Public,50,21.01%,50%,50%,3%,13.88,147500,124183,1.8,310272
HAZLET TOWNSHIP,RARITAN HIGH SCHOOL,Public,50,12.36%,50%,50%,7%,14.28,98727,85545,3.2,310518
MIDDLESEX COUNTY EDUCATIO,RARITAN VALLEY ACADEMY,Public,80,55.10%,90%,10%,27%,9.8,#N/A,#N/A,#N/A,311216
RED BANK REGIONAL ,RED BANK REG H S,Public,50,35.54%,50%,50%,14%,9.96,112554,83246,9.5,311300
MONMOUTH-OCEAN EDUCATIONA,REGIONAL ALTERNATIVE SCHOOL,Public,50,42.86%,57%,43%,0%,0.8,#N/A,#N/A,#N/A,#N/A
MORRIS CO ED SERVICES COMMISSION,REGIONAL DAY SCHOOL,Public,85,49.06%,64%,36%,9%,4.42,#N/A,#N/A,#N/A,#N/A
BERNARDS TOWNSHIP,RIDGE HIGH SCHOOL,Public,50,20.82%,51%,49%,1%,15.73,161054,123470,3,310050
RIDGEFIELD,RIDGEFIELD MEM H S,Public,50,52.34%,53%,47%,10%,11.23,76138,66272,5,311303
RIDGEFIELD PARK,RIDGEFIELD PARK H S,Public,50,64.22%,53%,47%,26%,14.08,74291,62433,6.4,311305
RIDGEWOOD VILLAGE,RIDGEWOOD H S,Public,50,27.88%,50%,50%,2%,15.34,164601,138827,3.3,311310
RIVER DELL REGIONAL ,RIVER DELL REG H S,Public,50,28.67%,52%,48%,1%,15.87,117458,102053,3.2,311054
RIVERSIDE TOWNSHIP,RIVERSIDE H S,Public,50,22.27%,56%,44%,26%,14.58,66481,59345,8,311315
WASHINGTON TOWNSHIP,ROBBINSVILLE HIGH SCHOOL,Public,30,15.37%,50%,50%,1%,16.24,80833,77656,28,#N/A
PATERSON,ROSA PARKS ARTS HIGH SCHOOL,Public,20,98.29%,34%,66%,75%,8.36,39093,33858,26.1,#N/A
ROSELLE PARK,ROSELLE PARK H S,Public,50,53.35%,54%,46%,26%,12.78,74196,57931,5.2,311330
ROXBURY TOWNSHIP,ROXBURY HIGH SCHOOL,Public,50,18.28%,53%,47%,6%,13.75,111784,97705,3.6,311415
RUMSON-FAIR HAVEN REGIONA,RUMSON FAIR HAVEN REGIONAL H,Public,50,5.97%,49%,51%,1%,14.15,132924,119911,3.7,#N/A
RUTHERFORD,RUTHERFORD H S,Public,50,37.38%,51%,49%,1%,11.68,74877,64283,5.6,311340
SOUTH HUNTERDON REGIONAL,S HUNTERDON REGIONAL HIGH SCHOOL,Public,50,10.23%,51%,49%,7%,11.5,100975,80169,5.2,#N/A
SADDLE BROOK TOWNSHIP,SADDLE BROOK H S,Public,50,30.15%,51%,49%,11%,15.44,94947,83396,3.3,311318
SALEM COUNTY VOCATIONAL S,SALEM COUNTY VO TECH SCHOOL,Public,40,17.05%,48%,52%,13%,17.74,#N/A,#N/A,#N/A,311643
SALEM CITY,SALEM HIGH SCHOOL,Public,50,67.05%,48%,52%,54%,9.46,41094,28397,29.3,311350
NEWARK,SCIENCE HIGH SCHOOL,Public,55,78.60%,46%,54%,60%,15.04,56000,50347,10,310932
SCOTCH PLAINS-FANWOOD,SCOTCH PLAINS-FANWOD,Public,50,25.85%,49%,51%,4%,16.05,121230,103556,2.9,311360
SECAUCUS,SECAUCUS MID-SECND S,Public,50,50.41%,50%,50%,19%,13.62,93197,81944,5.8,311349
LENAPE REGIONAL ,SENECA HS,Public,70,4.84%,49%,51%,5%,14.11,101780,85261,3.1,311474
LENAPE REGIONAL,SHAWNEE HIGH SCHOOL,Public,60,5.29%,50%,50%,3%,16.05,101780,85261,3.1,310763
SHORE REGIONAL ,SHORE REGIONAL H S,Public,50,6.79%,49%,51%,3%,13.82,112215,88931,5,311590
SOMERSET COUNTY VOCATIONA,SOMERSET COUNTY VOCATIONAL TECH HIGH SCHOOL,Public,70,49.23%,50%,50%,19%,6.8,#N/A,#N/A,#N/A,#N/A
SOMERSET COUNTY EDUCATION,SOMERSET ELEM ACADEMY,Public,60,83.33%,83%,17%,22%,2.25,#N/A,#N/A,#N/A,#N/A
SOMERSET COUNTY EDUCATION,SOMERSET SECONDARY ACADEMY,Public,50,76.80%,70%,30%,30%,5.68,#N/A,#N/A,#N/A,310739
SOMERVILLE BOROUGH,SOMERVILLE H S,Public,50,31.49%,52%,48%,10%,16.5,80102,68559,7.3,311365
SOUTH AMBOY,SOUTH AMBOY HIGH SCHOOL,Public,30,28.35%,51%,49%,28%,13.73,66845,54375,8.4,#N/A
SOUTH BRUNSWICK TOWNSHIP,SOUTH BRUNSWICK H S,Public,50,50.63%,51%,49%,6%,12.57,115846,100969,3.3,310802
SOUTH PLAINFIELD,SOUTH PLAINFIELD H S,Public,50,42.03%,50%,50%,14%,14.72,96537,89573,4.4,311400
SOUTH RIVER,SOUTH RIVER SR HS,Public,50,36.01%,52%,48%,24%,14.42,74074,63590,5.2,311405
SOUTHERN REGIONAL,SOUTHERN REG H S,Public,50,9.49%,52%,48%,11%,14.99,82253,68323,3.9,310743
OFFICE OF EDUCATIONAL SERVICES DEPARTMENT OF CORRECTIONS,SOUTHWOODS STATE PRISON,Public,13,83.33%,100%,0%,0%,0.75,#N/A,#N/A,#N/A,#N/A
SPARTA TOWNSHIP,SPARTA HIGH SCHOOL,Public,50,10.81%,50%,50%,1%,13.76,119380,107562,2.9,311408
SUSSEX COUNTY EDUCATIONAL,SPECIAL CHILDRENS SCHOOL,Public,50,9.09%,27%,73%,0%,1.75,#N/A,#N/A,#N/A,#N/A
SPOTSWOOD,SPOTSWOOD HIGH SCH,Public,40,17.10%,50%,50%,9%,13.68,89196,64736,4.4,311412
STERLING HIGH SCHOOL DIST,STERLING HIGH SCHOOL,Public,50,28.16%,54%,46%,17%,15.34,81691,62136,5.3,311363
SUMMIT CITY,SUMMIT HIGH SCHOOL,Public,50,26.76%,52%,48%,8%,13.03,144338,111989,5.7,311420
SUSSEX COUNTY VOCATIONAL,SUSSEX CO VO TECH HS,Public,10,11.64%,52%,48%,9%,10.76,#N/A,#N/A,#N/A,311409
ELIZABETH,T A EDISON VOC & THS,Public,404,95.40%,54%,46%,78%,10.88,47169,43707,16.9,310335
ELIZABETH,T JEFFERSON ARTS ACADEMY,Public,403,92.48%,42%,58%,77%,13.1,47169,43707,16.9,#N/A
TEAM ACADEMY CHARTER SCHOOOL,TEAM ACADEMY CHARTER SCHOOL,Public,965,99.84%,44%,56%,69%,15.2,#N/A,#N/A,#N/A,#N/A
TEANECK,TEANECK HIGH SCHOOL,Public,50,86.50%,52%,48%,18%,13.32,108388,93349,6.1,311450
BERGEN COUNTY VOCATIONAL,TECHNICAL SCHOOL  PARAMUS,Public,75,47.37%,61%,39%,21%,8.94,#N/A,#N/A,#N/A,#N/A
BERGEN COUNTY VOCATIONAL,TECHNICAL SCHOOL  TETERBORO,Public,70,51.94%,46%,54%,6%,10.21,#N/A,#N/A,#N/A,#N/A
NEWARK,TECHNOLOGY HIGH SCHOOL,Public,56,91.55%,47%,53%,80%,12.76,56000,50347,10,#N/A
TENAFLY,TENAFLY HIGH SCHOOL,Public,50,41.65%,52%,48%,1%,14.32,131884,116359,4,311455
BLACK HORSE PIKE REGIONAL,TIMBER CREEK REGIONAL HS,Public,30,39.74%,53%,47%,13%,18.86,77119,65496,6,310363
OCEAN COUNTY VOCATIONAL S,TOMS RIVER CENTER,Public,30,17.12%,46%,54%,10%,6.95,#N/A,#N/A,#N/A,#N/A
TOMS RIVER REGIONAL,TOMS RIVER H S EAST,Public,30,11.19%,48%,52%,12%,13.32,83131,71064,5.3,311457
TOMS RIVER REGIONAL,TOMS RIVER H S NORTH,Public,40,19.67%,52%,48%,14%,14.97,83131,71064,5.3,311458
TOMS RIVER REGIONAL,TOMS RIVER H S SOUTH,Public,50,18.75%,51%,49%,15%,13.87,83131,71064,5.3,311460
TRENTON,TRENTON CENTRAL HIGH SCHOOL,Public,50,98.50%,49%,51%,43%,12.39,40320,35372,23.4,#N/A
TRENTON,TRENTON CENTRAL HIGH SCHOOL WEST,Public,51,97.99%,41%,59%,38%,9.14,40320,35372,23.4,#N/A
OFFICE OF EDUCATION DEPARTMENT OF CHILDREN AND FAMILIES,TRENTON PSYCHIATRIC HOSPITAL,Public,28,100.00%,0%,100%,0%,0.5,#N/A,#N/A,#N/A,#N/A
BLACK HORSE PIKE REGIONAL,TRITON REGIONAL H S,Public,50,18.59%,51%,49%,17%,19.6,77119,65496,6,311337
UNION CITY,UNION HIGH SCHOOL,Public,55,97.94%,53%,47%,81%,16.93,41988,39001,19.6,311510
UNION COUNTY VOCATIONAL S,UNION CTY VOCATIONAL TECH,Public,50,69.12%,45%,55%,32%,11.83,#N/A,#N/A,#N/A,#N/A
UNION TOWNSHIP,UNION SENIOR HIGH SCHOOL,Public,50,73.88%,53%,47%,24%,15.21,84212,72047,5.1,#N/A
UNIVERSITY ACADEMY CHARTER SCHOOL,UNIVERSITY ACADEMY CS,Public,990,98.14%,50%,50%,41%,13.87,#N/A,#N/A,#N/A,#N/A
NEWARK,UNIVERSITY HIGH SCHOOL,Public,57,98.54%,39%,61%,69%,13.31,56000,50347,10,#N/A
VERNON TOWNSHIP,VERNON TOWNSHIP H S,Public,20,9.61%,52%,48%,7%,12.11,88890,79450,5.7,311552
VERONA,VERONA HIGH SCHOOL,Public,50,14.78%,51%,49%,0%,14.16,121829,91607,2.5,311550
OFFICE OF EDUCATION DEPARTMENT OF CHILDREN AND FAMILIES,VINELAND CHILDRENS RESIDENTIAL CENTER,Public,30,75.00%,58%,42%,0%,0,#N/A,#N/A,#N/A,#N/A
VINELAND CITY,VINELAND HIGH SCHOOL,Public,50,66.78%,52%,48%,27%,13.29,61654,52422,12.8,311555
OFFICE OF EDUCATION DEPARTMENT OF CHILDREN AND FAMILIES,VISION QUEST PATHFINDER,Public,35,80.00%,60%,40%,0%,5.56,#N/A,#N/A,#N/A,#N/A
BERGEN COUNTY VOCATIONAL,VOCATIONAL  PARAMUS  SP NEED,Public,30,54.29%,64%,36%,0%,7.24,#N/A,#N/A,#N/A,#N/A
NORTH HUNTERDON-VOORHEES,VOORHEES HIGH SCHOOL,Public,60,10.00%,49%,51%,4%,13.55,123722,104091,3.7,310433
OFFICE OF EDUCATION JUVENILE JUSTICE COMMISSION,VOORHEES RGC,Public,27,100.00%,100%,0%,0%,8,#N/A,#N/A,#N/A,#N/A
WALDWICK,WALDWICK HIGH SCHOOL,Public,30,17.04%,53%,47%,1%,16.04,100398,90083,3.8,311563
WALL TOWNSHIP,WALL HIGH SCHOOL,Public,50,7.62%,54%,46%,8%,15.32,109533,91063,4.1,310082
WALLINGTON,WALLINGTON H S,Public,50,24.95%,54%,46%,16%,14.72,60830,56859,8.8,311565
WALLKILL VALLEY REGIONAL,WALLKILL VLY REG H S,Public,60,13.59%,51%,49%,9%,13.71,81132,71359,6,310400
SAYREVILLE,WAR MEMORIAL HIGH SCHOOL,Public,50,49.31%,52%,48%,19%,16.82,85173,72213,6,#N/A
WARREN CO SPECIAL SERVICE,WARREN COUNTY SPEC SER SCHOOL,Public,50,25.00%,88%,13%,25%,2.64,#N/A,#N/A,#N/A,#N/A
WARREN COUNTY VOCATIONAL,WARREN CTY VOCATIONAL & TECH INS,Public,50,8.18%,60%,40%,17%,8.59,#N/A,#N/A,#N/A,#N/A
WARREN HILLS REGIONAL,WARREN HLS REG SR HS,Public,50,15.75%,50%,50%,10%,17.1,88141,74709,6.2,311570
OFFICE OF EDUCATION JUVENILE JUSTICE COMMISSION,WARREN RGC,Public,28,100.00%,100%,0%,0%,2.4,#N/A,#N/A,#N/A,#N/A
OFFICE OF EDUCATION DEPARTMENT OF CHILDREN AND FAMILIES,WARREN TRANSITIONAL EDUCATIONAL CENTER,Public,32,0.00%,0%,100%,0%,1,#N/A,#N/A,#N/A,#N/A
WASHINGTON TOWNSHIP,WASHINGTON TWP H S,Public,10,100.00%,0%,0%,4%,14.25,80833,77656,28,311364
WATCHUNG HILLS REGIONAL,WATCHUNG HLS REG HS,Public,50,24.21%,52%,48%,1%,14.77,148807,119955,1.7,311231
WAYNE TOWNSHIP,WAYNE HILLS H S,Public,55,19.65%,51%,49%,4%,12.89,116730,98627,3.4,311574
WAYNE TOWNSHIP,WAYNE VALLEY SR H S,Public,50,16.32%,52%,48%,5%,13.49,116730,98627,3.4,311573
WEEHAWKEN TOWNSHIP,WEEHAWKEN HIGH SCH,Public,50,75.48%,49%,51%,45%,12.57,95517,66612,10.6,311575
NEWARK,WEEQUAHIC,Public,70,100.00%,51%,49%,77%,11.68,56000,50347,10,310965
WEST DEPTFORD TOWNSHIP,WEST DEPTFORD H S,Public,50,15.99%,56%,44%,15%,14.68,84109,68689,4.6,311638
WEST ESSEX REGIONAL,WEST ESSEX SR H S,Public,50,9.66%,50%,50%,2%,12.52,130365,118076,1.9,311579
ESSEX COUNTY VOCATIONAL S,WEST MARKET STREET CENTER,Public,70,99.31%,46%,54%,76%,12.91,#N/A,#N/A,#N/A,#N/A
WEST MILFORD TOWNSHIP,WEST MILFORD HIGH SCHOOL,Public,40,6.35%,50%,50%,4%,16.63,101646,90680,2.8,#N/A
WEST MORRIS REGIONAL,W MORRIS CENTRAL H S,Public,30,11.36%,49%,51%,1%,14.76,148103,129024,2,310227
WEST MORRIS REGIONAL,W MORRIS MENDHAM H S,Public,50,6.26%,52%,48%,1%,15.48,148103,129024,2,310765
WEST ORANGE,WEST ORANGE HIGH SCH,Public,50,76.01%,51%,49%,31%,12.99,105862,89122,6.1,311610
NEWARK,WEST SIDE HIGH SCH,Public,80,100.00%,48%,52%,72%,14.09,56000,50347,10,310975
WESTFIELD,WESTFIELD SENIOR H S,Public,50,13.70%,50%,50%,2%,16.6,153529,128418,2.3,311585
WESTWOOD REGIONAL SCHOOL,WESTWOOD HIGH SCHOOL,Public,50,20.86%,50%,50%,4%,12.7,110138,87840,3.1,311615
HANOVER PARK REGIONAL,WHIPPANY PARK H SCH,Public,70,17.31%,50%,50%,1%,14.05,119350,104903,1.6,311614
WILDWOOD CITY,WILDWOOD HIGH SCHOOL,Public,50,52.25%,55%,45%,51%,10.1,57095,44918,10.3,311620
JERSEY CITY,WM L DICKINSON H S,Public,80,87.38%,54%,46%,59%,15.74,55202,51826,17,310650
MONROE TOWNSHIP,WILLIAMSTOWN H S,Public,50,30.69%,51%,49%,20%,16.56,81763,65911,7.6,311622
WILLINGBORO TOWNSHIP,WILLINGBORO HIGH SCH,Public,53,98.17%,52%,48%,39%,14.92,73546,64581,8.6,311623
WINSLOW TOWNSHIP,WINSLOW TWP HIGH SCHOOL,Public,10,73.45%,50%,50%,31%,13.89,78069,67158,7.3,#N/A
WOOD-RIDGE,WOOD RIDGE H S,Public,50,23.87%,49%,51%,13%,10.44,96450,89629,2.7,311640
WOODBRIDGE TOWNSHIP,WOODBRIDGE SR HS,Public,50,52.25%,49%,51%,23%,12.95,86960,77283,5.5,311625
WOODBURY,WOODBURY HIGH SCHOOL,Public,50,57.13%,50%,50%,45%,12.28,64736,53564,12.4,311635
CAMDEN CITY,WOODROW WILSON H S,Public,40,99.28%,55%,45%,54%,11.58,27956,25418,38.3,310205
WOODSTOWN-PILESGROVE REGI,WOODSTOWN H S,Public,50,13.45%,49%,51%,11%,17.29,87949,71833,7.3,311645
WEST WINDSOR-PLAINSBORO R,W WINDSOR-PLAINSBORO HS(NORTH),Public,25,59.95%,50%,50%,4%,14.29,128894,105539,4.1,311232
WEST WINDSOR-PLAINSBORO R,W WINDSR-PLAINSBR HS (SOUTH),Public,20,57.60%,52%,48%,3%,15.27,128894,105539,4.1,311277
OFFICE OF EDUCATION JUVENILE JUSTICE COMMISSION,YOUTHBUILD CAMDEN,Public,85,100.00%,93%,7%,0%,14,#N/A,#N/A,#N/A,#N/A
OFFICE OF EDUCATION JUVENILE JUSTICE COMMISSION,YOUTHBUILD NEWARK,Public,82,97.67%,81%,19%,0%,10.75,#N/A,#N/A,#N/A,#N/A
BELLEVILLE,1ST CEREBRAL PALSY OF NJ,Private,N/A,90.00%,N/A,N/A,N/A,5,N/A,N/A,N/A,310079
NUTLEY,ABUNDANT LIFE CHRISTIAN ACAD,Private,N/A,86.80%,N/A,N/A,N/A,11,N/A,N/A,N/A,310287
WHIPPANY,ABUNDANT LIFE CHRISTIAN SCHOOL,Private,N/A,101.18%,N/A,N/A,N/A,11,N/A,N/A,N/A,#N/A
DEMAREST,AC OF HOLY ANGELS,Private,N/A,33.21%,N/A,100%,N/A,12,N/A,N/A,N/A,310390
PATERSON,AL-HUDA SCHOOL,Private,N/A,40.52%,N/A,N/A,N/A,9,N/A,N/A,N/A,#N/A
NEWARK,ALIF MUHAMMAD'S NIA SCHOOL,Private,N/A,91.12%,N/A,N/A,N/A,25,N/A,N/A,N/A,310922
NEWARK,AL-MUSLIMAAT ACADEMY,Private,N/A,107.14%,N/A,100%,N/A,3,N/A,N/A,N/A,#N/A
NEWARK,ALPHA & OMEGA CHRISTIAN SCHOOL,Private,N/A,100.00%,N/A,N/A,N/A,8,N/A,N/A,N/A,#N/A
JACKSON,ALPHA SCHOOL,Private,N/A,16.39%,N/A,N/A,N/A,6,N/A,N/A,N/A,#N/A
PARAMUS,ALPINE LEARNING GROUP INC,Private,N/A,31.03%,N/A,N/A,N/A,4,N/A,N/A,N/A,#N/A
SUCCASUNNA,AMERICAN CHRISTIAN S,Private,N/A,41.40%,N/A,N/A,N/A,13,N/A,N/A,N/A,311416
PISCATAWAY,AN-NOOR ACADEMY & DARUL HUDA INS,Private,N/A,100.51%,N/A,N/A,N/A,7,N/A,N/A,N/A,#N/A
WESTVILLE,ARCHBISHOP DAMIANO SCHOOL,Private,N/A,28.89%,N/A,N/A,N/A,7,N/A,N/A,N/A,#N/A
SEWELL,ARCHWAY PROGRAM/WASHINGTON TOWNS,Private,N/A,56.00%,N/A,N/A,N/A,7,N/A,N/A,N/A,#N/A
EGG HARBOR TOWNSHIP,ATLANTIC CHRIST SCH,Private,N/A,32.49%,N/A,N/A,N/A,11,N/A,N/A,N/A,311044
LAKEWOOD,BAIS KAILA TOR PREP,Private,N/A,0.00%,N/A,100%,N/A,7,N/A,N/A,N/A,310079
LAKEWOOD,BAIS SHAINDEL HS,Private,N/A,0.00%,N/A,100%,N/A,10,N/A,N/A,N/A,310682
LAKEWOOD,BAIS YAAKOV ELEMENTARY SCHOOL,Private,N/A,0.00%,N/A,100%,N/A,6,N/A,N/A,N/A,#N/A
LAKEWOOD,BAIS YAAKOV HS LAKEWOOD,Private,N/A,0.00%,N/A,100%,N/A,17,N/A,N/A,N/A,310676
PASSAIC,BAIS YAAKOV PASSAIC HS,Private,N/A,0.00%,N/A,100%,N/A,19,N/A,N/A,N/A,311083
CHERRY HILL,BANCROFT PRESCHOOL,Private,N/A,24.14%,N/A,N/A,N/A,6,N/A,N/A,N/A,#N/A
VOORHEES,BANCROFT SCHOOL AT VOORMEES PEDI,Private,N/A,59.42%,N/A,N/A,N/A,4,N/A,N/A,N/A,#N/A
HADDON HEIGHTS,BAPTIST HIGH SCHOOL,Private,N/A,32.13%,N/A,N/A,N/A,10,N/A,N/A,N/A,310478
OAKLAND,BARNSTABLE SCHOOL,Private,N/A,18.45%,N/A,N/A,N/A,8,N/A,N/A,N/A,310439
MATAWAN,BAYTUL-IMAN ACADEMY,Private,N/A,96.43%,N/A,N/A,N/A,6,N/A,N/A,N/A,#N/A
ELIZABETH,BENEDICTINE ACADEMY,Private,N/A,84.94%,N/A,100%,N/A,10,N/A,N/A,N/A,310310
WAYNE,BENWAY SCHOOL,Private,N/A,77.42%,N/A,N/A,N/A,4,N/A,N/A,N/A,310373
ORADELL,BERGEN CATHOLIC H S,Private,N/A,26.56%,100%,N/A,N/A,17,N/A,N/A,N/A,311053
HAWORTH,BERGEN CENTER FOR CHILD DEVELOPM,Private,N/A,57.14%,N/A,N/A,N/A,5,N/A,N/A,N/A,#N/A
DEPTFORD,BETHANY BAPTIST CHRISTIAN SCH,Private,N/A,40.00%,N/A,N/A,N/A,5,N/A,N/A,N/A,310103
NEWARK,BETHEL CHRISTIAN ACADEMY,Private,N/A,93.02%,N/A,N/A,N/A,13,N/A,N/A,N/A,#N/A
SEWELL,BETHEL PREPARATORY BIBLICAL-CLAS,Private,N/A,18.44%,N/A,N/A,N/A,11,N/A,N/A,N/A,#N/A
PENNSAUKEN,BISHOP EUSTACE PREP,Private,N/A,100.13%,N/A,N/A,N/A,14,N/A,N/A,N/A,310770
EDISON,BISHOP GEORGE AHR HIGH SCHOOL,Private,N/A,35.52%,N/A,N/A,N/A,16,N/A,N/A,N/A,#N/A
BLAIRSTOWN,BLAIR ACADEMY,Private,N/A,25.45%,N/A,N/A,N/A,8,N/A,N/A,N/A,310105
LAKEWOOD,BNOS BAIS YAAKOV HIGH SCHOOL,Private,N/A,0.00%,N/A,100%,N/A,6,N/A,N/A,N/A,#N/A
LIBERTY CORNER,BONNIE BRAE SCHOOL,Private,N/A,67.42%,100%,N/A,N/A,4,N/A,N/A,N/A,310798
CHERRY HILL,BROOKDALE CHRISTIAN SCHOOL,Private,N/A,40.60%,N/A,N/A,N/A,7,N/A,N/A,N/A,310121
ELIZABETH,BRURIAH HIGH SCHOOL FOR GIRLS,Private,N/A,100.27%,N/A,100%,N/A,6,N/A,N/A,N/A,#N/A
WHIPPANY,CALAIS SCHOOL,Private,N/A,33.68%,N/A,N/A,N/A,4,N/A,N/A,N/A,311619
LAKEWOOD,CALVARY ACADEMY,Private,N/A,41.28%,N/A,N/A,N/A,12,N/A,N/A,N/A,310669
OLD BRIDGE,CALVARY CHRISTIAN SC,Private,N/A,25.76%,N/A,N/A,N/A,13,N/A,N/A,N/A,311621
CHERRY HILL,CAMDEN CATHOLIC H S,Private,N/A,37.54%,N/A,N/A,N/A,15,N/A,N/A,N/A,310185
CAPE MAY COURT HOUSE,CAPE CHRISTIAN ACADEMY,Private,N/A,18.18%,N/A,N/A,N/A,7,N/A,N/A,N/A,310206
SOUTH AMBOY,CARDINAL MCCARRICK HIGH SCHOOL,Private,N/A,34.15%,N/A,N/A,N/A,13,N/A,N/A,N/A,#N/A
BARRINGTON,CASTLE ACADEMY,Private,N/A,60.68%,N/A,N/A,N/A,6,N/A,N/A,N/A,#N/A
WHARTON,CELEBRATE THE CHILDREN,Private,N/A,14.43%,N/A,N/A,N/A,6,N/A,N/A,N/A,#N/A
FLEMINGTON,CENTER FOR EDUC ADVANCEMENT-SPRI,Private,N/A,29.41%,N/A,N/A,N/A,5,N/A,N/A,N/A,#N/A
MARLTON,CENTER FOR EDUCATION,Private,N/A,13.33%,N/A,N/A,N/A,7,N/A,N/A,N/A,310760
NORTH WILDWOOD,CENTRAL BIBLE ACADEMY,Private,N/A,0.00%,N/A,N/A,N/A,2,N/A,N/A,N/A,#N/A
ABSECON,CHAMPION BAPTIST ACADEMY,Private,N/A,64.06%,N/A,N/A,N/A,6,N/A,N/A,N/A,#N/A
POMPTON PLAINS,CHANCELLOR ACADEMY,Private,N/A,27.78%,N/A,N/A,N/A,3,N/A,N/A,N/A,311248
LINCOLN PARK,CHAPEL HILL ACADEMY,Private,N/A,50.00%,N/A,N/A,N/A,7,N/A,N/A,N/A,#N/A
METUCHEN,CHILDREN FIRST CHRISTIAN MONTESS,Private,N/A,90.91%,N/A,N/A,N/A,10,N/A,N/A,N/A,#N/A
NEPTUNE,CHILDRENS CENTER OF MONMOUTH COU,Private,N/A,23.80%,N/A,N/A,N/A,10,N/A,N/A,N/A,#N/A
LINCROFT,CHRISTIAN BROTHERS ACADEMY,Private,N/A,7.64%,100%,N/A,N/A,15,N/A,N/A,N/A,#N/A
WAYNE,CLEARVIEW SCHOOL,Private,N/A,71.74%,N/A,N/A,N/A,8,N/A,N/A,N/A,311583
HOWELL,COASTAL LEARNING CENTER,Private,N/A,82.56%,N/A,N/A,N/A,7,N/A,N/A,N/A,#N/A
TUCKERTON,COASTAL LEARNING CENTER,Private,N/A,71.43%,N/A,N/A,N/A,8,N/A,N/A,N/A,#N/A
MORGANVILLE,COASTAL LEARNING CENTER MORGANVI,Private,N/A,87.27%,N/A,N/A,N/A,6,N/A,N/A,N/A,#N/A
PASSAIC,COLLEGIATE SCHOOL,Private,N/A,100.75%,N/A,N/A,N/A,9,N/A,N/A,N/A,311080
TEANECK,COMMUNITY HIGH SCHOOL,Private,N/A,30.00%,N/A,N/A,N/A,3,N/A,N/A,N/A,#N/A
JERSEY CITY,CONCORDIA LEARNING CENTER AT SJS,Private,N/A,92.76%,N/A,N/A,N/A,6,N/A,N/A,N/A,#N/A
MOUNTAINSIDE,CORNERSTONE DAY SCHOOL,Private,N/A,20.00%,N/A,N/A,N/A,6,N/A,N/A,N/A,#N/A
MORGANVILLE,CPC HIGH POINT SCHOOL,Private,N/A,49.49%,N/A,N/A,N/A,6,N/A,N/A,N/A,#N/A
VINELAND,CREATIVE ACHIEVEMENT ACADEMY-WES,Private,N/A,82.69%,N/A,N/A,N/A,6,N/A,N/A,N/A,#N/A
VINELAND,CREATIVE ACHIEVEMENT ACADEMY-WOO,Private,N/A,87.18%,N/A,N/A,N/A,5,N/A,N/A,N/A,#N/A
PENNSAUKEN,CRESCENT HILL ACADEMY,Private,N/A,64.52%,N/A,N/A,N/A,4,N/A,N/A,N/A,#N/A
CRANFORD,CRESTVIEW EDUCATIONAL TRUST,Private,N/A,0.00%,N/A,N/A,N/A,7,N/A,N/A,N/A,#N/A
VINELAND,CUMBERLAND CHRISTIAN SCHOOL,Private,N/A,24.15%,N/A,N/A,N/A,15,N/A,N/A,N/A,#N/A
SOUTH RIVER,DARUL ARQAM SCHOOL,Private,N/A,100.33%,N/A,N/A,N/A,12,N/A,N/A,N/A,#N/A
PARAMUS,DAVID GREGORY SCHOOL INC,Private,N/A,64.71%,N/A,N/A,N/A,3,N/A,N/A,N/A,#N/A
MENDHAM,DAYTOP PREPARATORY SCHOOL,Private,N/A,25.00%,N/A,N/A,N/A,6,N/A,N/A,N/A,#N/A
WAYNE,DE PAUL CATHOLIC HIGH SCHOOL,Private,N/A,100.12%,N/A,N/A,N/A,15,N/A,N/A,N/A,#N/A
HAMILTON,DELAWARE VALLEY SCHOOL FOR EXCEP,Private,N/A,75.00%,N/A,N/A,N/A,7,N/A,N/A,N/A,#N/A
CHERRY HILL,DELAWARE VALLEY TORAH INSTITUTE,Private,N/A,0.00%,100%,N/A,N/A,3,N/A,N/A,N/A,#N/A
MORRISTOWN,DELBARTON SCHOOL,Private,N/A,16.48%,100%,N/A,N/A,8,N/A,N/A,N/A,310835
UNION,DERON SCHOOL 1,Private,N/A,99.05%,N/A,N/A,N/A,6,N/A,N/A,N/A,#N/A
MONTCLAIR,DERON SCHOOL II,Private,N/A,97.33%,N/A,N/A,N/A,7,N/A,N/A,N/A,#N/A
BRIDGETON,DEVEREUX-NJCA,Private,N/A,44.83%,N/A,N/A,N/A,5,N/A,N/A,N/A,#N/A
BURLINGTON,DOANE ACADEMY,Private,N/A,36.36%,N/A,N/A,N/A,6,N/A,N/A,N/A,#N/A
RAMSEY,DON BOSCO PREP H S,Private,N/A,14.20%,100%,N/A,N/A,14,N/A,N/A,N/A,311285
TINTON FALLS,DOROTHY B HERSH HIGH SCHOOL,Private,N/A,52.38%,N/A,N/A,N/A,5,N/A,N/A,N/A,#N/A
VINELAND,DOWNE ACADEMY,Private,N/A,95.83%,N/A,N/A,N/A,6,N/A,N/A,N/A,#N/A
NEWARK,DR THOMAS CHRISTIAN ACADEMY,Private,N/A,100.00%,N/A,N/A,N/A,5,N/A,N/A,N/A,#N/A
ENGLEWOOD,DWIGHT-ENGLEWOOD SCHOOL,Private,N/A,30.69%,N/A,N/A,N/A,7,N/A,N/A,N/A,#N/A
BELLE MEAD,EAST MOUNTAIN SCHOOL,Private,N/A,67.96%,N/A,N/A,N/A,4,N/A,N/A,N/A,#N/A
NORTH HALEDON,EASTERN CHR HIGH SCH,Private,N/A,28.06%,N/A,N/A,N/A,11,N/A,N/A,N/A,311110
CHATHAM,ECLC OF NEW JERSEY,Private,N/A,30.53%,N/A,N/A,N/A,8,N/A,N/A,N/A,#N/A
PRINCETON,EDEN INSTITUTE,Private,N/A,27.27%,N/A,N/A,N/A,5,N/A,N/A,N/A,#N/A
PARAMUS,EDUCATIONAL PARTNERSHIP FOR INST,Private,N/A,25.00%,N/A,N/A,N/A,1,N/A,N/A,N/A,#N/A
WEST CALDWELL,ESSEX VALLEY SCHOOL,Private,N/A,81.82%,N/A,N/A,N/A,5,N/A,N/A,N/A,#N/A
OCEAN VIEW,FAMILIES UNITED NETWORK ACADEMY,Private,N/A,14.29%,N/A,N/A,N/A,2,N/A,N/A,N/A,#N/A
WILLIAMSTOWN,FINEST OF THE WHEAT CHRISTIAN AC,Private,N/A,100.00%,N/A,N/A,N/A,4,N/A,N/A,N/A,#N/A
FANWOOD,FIRST CHILDREN,Private,N/A,82.81%,N/A,N/A,N/A,6,N/A,N/A,N/A,#N/A
JERSEY CITY,FULL WILL OF GOD CHRISTIAN ACADE,Private,N/A,100.00%,N/A,N/A,N/A,2,N/A,N/A,N/A,#N/A
WILLINGBORO,GARFIELD PARK ACADEMY,Private,N/A,79.55%,N/A,N/A,N/A,6,N/A,N/A,N/A,#N/A
CARTERET,GATEWAY SCHOOL,Private,N/A,86.96%,N/A,N/A,N/A,7,N/A,N/A,N/A,#N/A
GLADSTONE,GILL ST BERNARDS SCH,Private,N/A,100.00%,N/A,N/A,N/A,7,N/A,N/A,N/A,310100
MOUNT HOLLY,GITHENS CENTER-BURLINGTON COUNTY CER,Private,N/A,48.00%,N/A,N/A,N/A,5,N/A,N/A,N/A,#N/A
GLOUCESTER CITY,GLOUCESTER CATHOLIC HIGH SCHOOL,Private,N/A,2.06%,N/A,N/A,N/A,18,N/A,N/A,N/A,#N/A
SEWELL,GLOUCESTER COUNTY CHRISTIAN SCHOOL,Private,N/A,20.11%,N/A,N/A,N/A,20,N/A,N/A,N/A,#N/A
BOUND BROOK,GREEN BROOK ACADEMY,Private,N/A,88.37%,N/A,N/A,N/A,5,N/A,N/A,N/A,#N/A
HACKENSACK,HACKENSACK CHRISTN S,Private,N/A,86.47%,N/A,N/A,N/A,7,N/A,N/A,N/A,310459
WESTAMPTON,HAMPTON ACADEMY,Private,N/A,54.10%,N/A,N/A,N/A,8,N/A,N/A,N/A,#N/A
MOORESTOWN,HARBOR BAPTIST ACADEMY,Private,N/A,44.12%,N/A,N/A,N/A,6,N/A,N/A,N/A,#N/A
EATONTOWN,HARBOR SCHOOL,Private,N/A,31.58%,N/A,N/A,N/A,6,N/A,N/A,N/A,#N/A
HAWTHORNE,HAWTHORNE CHRISTIAN ACADEMY,Private,N/A,50.11%,N/A,N/A,N/A,9,N/A,N/A,N/A,310514
MOUNT LAUREL,HERITAGE CHRISTIAN ACADEMY,Private,N/A,101.15%,N/A,N/A,N/A,8,N/A,N/A,N/A,310866
LODI,HIGH POINT SCHOOL OF BERGEN COUN,Private,N/A,78.38%,N/A,N/A,N/A,5,N/A,N/A,N/A,#N/A
ABSECON,HIGHLAND ACADEMY,Private,N/A,62.82%,N/A,N/A,N/A,11,N/A,N/A,N/A,#N/A
OCEAN,HILLEL YESHIVA SCHOOL,Private,N/A,0.00%,N/A,N/A,N/A,13,N/A,N/A,N/A,#N/A
SEWELL,HOLLYDELL SCHOOL,Private,N/A,29.11%,N/A,N/A,N/A,8,N/A,N/A,N/A,#N/A
RIDGEWOOD,HOLMSTEAD SCHOOL,Private,N/A,7.79%,N/A,N/A,N/A,5,N/A,N/A,N/A,311304
DELRAN,HOLY CROSS HIGH SCH,Private,N/A,15.16%,N/A,N/A,N/A,16,N/A,N/A,N/A,311317
BAYONNE,HOLY FAMILY ACADEMY,Private,N/A,21.97%,N/A,100%,N/A,6,N/A,N/A,N/A,310065
ABSECON,HOLY SPIRIT HIGH SCH,Private,N/A,19.04%,N/A,N/A,N/A,16,N/A,N/A,N/A,310025
LIVINGSTON,HORIZON SCHOOL,Private,N/A,54.43%,N/A,N/A,N/A,7,N/A,N/A,N/A,#N/A
JERSEY CITY,HUDSON CATH REG HS,Private,N/A,74.49%,N/A,N/A,N/A,14,N/A,N/A,N/A,310602
TEANECK,IEF-AL-GHAZALY HIGH SCHOOL,Private,N/A,70.50%,N/A,N/A,N/A,10,N/A,N/A,N/A,#N/A
LONG BRANCH,ILAN HS,Private,N/A,100.00%,N/A,100%,N/A,5,N/A,N/A,N/A,310269
SOMERVILLE,IMMACULATA HIGH SCH,Private,N/A,15.60%,N/A,N/A,N/A,11,N/A,N/A,N/A,311367
LODI,IMMACULATE CONC H S,Private,N/A,18.56%,N/A,100%,N/A,10,N/A,N/A,N/A,310715
MONTCLAIR,IMMACULATE CONCPTN H,Private,N/A,98.34%,N/A,N/A,N/A,11,N/A,N/A,N/A,310805
WASHINGTON TOWNSHIP,IMMACULATE HEART ACA,Private,N/A,17.66%,N/A,100%,N/A,13,N/A,N/A,N/A,311072
IRVINGTON,INDEPENDENCE HS,Private,N/A,100.00%,N/A,N/A,N/A,5,N/A,N/A,N/A,311009
NEW MILFORD,INSTITUTE FOR EDUCATIONAL ACHIEV,Private,N/A,17.86%,N/A,N/A,N/A,3,N/A,N/A,N/A,#N/A
TRENTON,ISLAMIC SCHOOL OF TRENTON/AL-BAY,Private,N/A,100.00%,N/A,N/A,N/A,4,N/A,N/A,N/A,#N/A
EAST ORANGE,JAMAS CHILDREN'S UNIVERSITY,Private,N/A,100.00%,N/A,N/A,N/A,18,N/A,N/A,N/A,#N/A
CRANFORD,JARDINE ACADEMY,Private,N/A,92.13%,N/A,N/A,N/A,8,N/A,N/A,N/A,#N/A
PENNSAUKEN,JDT CHRISTIAN ACADEMY,Private,N/A,84.62%,N/A,N/A,N/A,2,N/A,N/A,N/A,#N/A
ABSECON,JERSEY SHORE BAPTIST ACADEMY,Private,N/A,100.00%,N/A,N/A,N/A,3,N/A,N/A,N/A,#N/A
LIVINGSTON,JOSEPH KUSHNER HEBREW ACADEMY RA,Private,N/A,2.00%,N/A,N/A,N/A,8,N/A,N/A,N/A,#N/A
TEANECK,KARASICK SHALEM HIGH SCHOOL AT T,Private,N/A,0.00%,100%,N/A,N/A,3,N/A,N/A,N/A,#N/A
JERSEY CITY,KENMARE HS,Private,N/A,101.33%,N/A,100%,N/A,12,N/A,N/A,N/A,310614
MOORESTOWN,KINGSWAY LEARNING CENTER-SECONDA,Private,N/A,14.14%,N/A,N/A,N/A,7,N/A,N/A,N/A,#N/A
PLAINFIELD,KOINONIA ACADEMY,Private,N/A,100.47%,N/A,N/A,N/A,10,N/A,N/A,N/A,311564
UPPER MONTCLAIR,LACORDAIRE AC-SEC DV,Private,N/A,47.50%,N/A,100%,N/A,7,N/A,N/A,N/A,311545
LAFAYETTE,LAKELAND-ANDOVER SCHOOL,Private,N/A,24.32%,N/A,N/A,N/A,6,N/A,N/A,N/A,310004
WAYNE,LAKEVIEW LEARNING CENTER,Private,N/A,73.68%,N/A,N/A,N/A,5,N/A,N/A,N/A,#N/A
EDISON,LAKEVIEW SCHOOL,Private,N/A,63.80%,N/A,N/A,N/A,7,N/A,N/A,N/A,#N/A
UNION CITY,LEARNING INSTITUTE OF UNION CITY,Private,N/A,5.71%,N/A,N/A,N/A,8,N/A,N/A,N/A,#N/A
LAKEWOOD,LEHMANN SCHOOL & TECH ED CENTER,Private,N/A,38.64%,N/A,N/A,N/A,5,N/A,N/A,N/A,#N/A
BURLINGTON,LIFE CENTER ACADEMY,Private,N/A,48.84%,N/A,N/A,N/A,13,N/A,N/A,N/A,310163
HAMMONTON,LIFE MISSION TRAINING CENTER INC,Private,N/A,0.00%,N/A,N/A,N/A,2,N/A,N/A,N/A,#N/A
NEWARK,LINK COMMUNITY SCHOOL,Private,N/A,100.00%,N/A,N/A,N/A,11,N/A,N/A,N/A,#N/A
BASKING RIDGE,LORD STIRLING SCHOOL,Private,N/A,100.00%,N/A,N/A,N/A,4,N/A,N/A,N/A,310048
EAST ORANGE,MADRASATU AHLIS SUNNAH,Private,N/A,91.13%,N/A,N/A,N/A,8,N/A,N/A,N/A,#N/A
WEST LONG BRANCH,MA'OR YESHIVA HIGH SCHOOL FOR BO,Private,N/A,0.00%,100%,N/A,N/A,5,N/A,N/A,N/A,#N/A
BAYONNE,MARIST HIGH SCHOOL,Private,N/A,88.74%,N/A,N/A,N/A,15,N/A,N/A,N/A,310070
MOUNT HOLLY,MARY A DOBBINS SCHOOL,Private,N/A,75.81%,N/A,N/A,N/A,6,N/A,N/A,N/A,#N/A
NORTH HALEDON,MARY HELP CHRIST ACA,Private,N/A,73.89%,N/A,100%,N/A,12,N/A,N/A,N/A,310485
SOUTH ORANGE,MARYLAWN OF THE ORANGES ACADEMY,Private,N/A,98.13%,N/A,100%,N/A,7,N/A,N/A,N/A,#N/A
PEAPACK,MATHENY SCHOOL,Private,N/A,27.03%,N/A,N/A,N/A,5,N/A,N/A,N/A,#N/A
WATCHUNG,MCAULEY SCHOOL,Private,N/A,47.06%,N/A,N/A,N/A,7,N/A,N/A,N/A,#N/A
CHESTERFIELD,MEADOW VIEW JUNIOR ACADEMY,Private,N/A,64.89%,N/A,N/A,N/A,14,N/A,N/A,N/A,#N/A
LAKEWOOD,MESIVTA KESER TORAH HS,Private,N/A,3.70%,100%,N/A,N/A,4,N/A,N/A,N/A,310078
CLIFTON,MESIVTA OF CLIFTON,Private,N/A,0.00%,100%,N/A,N/A,7,N/A,N/A,N/A,#N/A
PASSAIC,MESIVTA TIFERES RAV ZVI ARYEH ZE,Private,N/A,0.00%,100%,N/A,N/A,11,N/A,N/A,N/A,#N/A
UNION CITY,MIFTAAHUL ULOOM SCHOOL,Private,N/A,40.54%,N/A,N/A,N/A,7,N/A,N/A,N/A,#N/A
HOWELL,MONMOUTH ACADEMY,Private,N/A,32.26%,N/A,N/A,N/A,4,N/A,N/A,N/A,310870
HAZLET,MONMOUTH CHRISTIAN ACADEMY,Private,N/A,23.53%,N/A,N/A,N/A,17,N/A,N/A,N/A,#N/A
TOMS RIVER,MONSIGNOR DONOVAN HIGH SCHOOL,Private,N/A,100.11%,N/A,N/A,N/A,-1,N/A,N/A,N/A,#N/A
DELRAN,MONTESSORI ACADEMY - DELRAN,Private,N/A,40.91%,N/A,N/A,N/A,18,N/A,N/A,N/A,#N/A
CHERRY HILL,MONTESSORI LEARNING CENTER,Private,N/A,85.88%,N/A,N/A,N/A,5,N/A,N/A,N/A,#N/A
GLADSTONE,MONTGOMERY ACADEMY,Private,N/A,6.76%,N/A,N/A,N/A,3,N/A,N/A,N/A,310914
MOORESTOWN,MOORESTOWN FRIENDS SCHOOL,Private,N/A,31.86%,N/A,N/A,N/A,8,N/A,N/A,N/A,#N/A
DENVILLE,MORRIS CATHOLIC HIGH SCHOOL,Private,N/A,18.56%,N/A,N/A,N/A,13,N/A,N/A,N/A,#N/A
SOUTH RIVER,MOSHE AARON YESHIVA HIGH SCHOOL,Private,N/A,0.00%,N/A,N/A,N/A,5,N/A,N/A,N/A,#N/A
CLARK,MOTHER SETON REGIONAL HIGH SCHOOL,Private,N/A,53.49%,N/A,100%,N/A,13,N/A,N/A,N/A,#N/A
WEST ORANGE,MOUNT CARMEL GUILD ACADEMY,Private,N/A,95.65%,N/A,N/A,N/A,5,N/A,N/A,N/A,#N/A
CALDWELL,MOUNT SAINT DOMINIC ACADEMY,Private,N/A,21.78%,N/A,100%,N/A,10,N/A,N/A,N/A,#N/A
WATCHUNG,MT ST MARYS ACADEMY,Private,N/A,13.43%,N/A,100%,N/A,6,N/A,N/A,N/A,311025
FAIRFIELD,NEW BEGINNINGS,Private,N/A,36.65%,N/A,N/A,N/A,8,N/A,N/A,N/A,#N/A
LAKEWOOD,NEW JERSEY CENTER FOR JUDAIC STU,Private,N/A,0.00%,100%,N/A,N/A,9,N/A,N/A,N/A,#N/A
CREAM RIDGE,NEW JERSEY UNITED CHRISTIAN ACADEMY,Private,N/A,36.56%,N/A,N/A,N/A,6,N/A,N/A,N/A,#N/A
DUNELLEN,NEW LIFE CHRISTIAN SCHOOL,Private,N/A,78.95%,N/A,N/A,N/A,9,N/A,N/A,N/A,311398
LAKEWOOD,NEW ROAD SCHOOL,Private,N/A,12.50%,N/A,N/A,N/A,6,N/A,N/A,N/A,#N/A
SOMERSET,NEW ROAD SCHOOL OF SOMERSET,Private,N/A,53.07%,N/A,N/A,N/A,10,N/A,N/A,N/A,#N/A
NEWARK,NEW TESTAMENT CHURCH SCHOOL,Private,N/A,100.00%,N/A,N/A,N/A,4,N/A,N/A,N/A,310916
LIVINGSTON,NEWARK ACADEMY,Private,N/A,27.96%,N/A,N/A,N/A,9,N/A,N/A,N/A,310915
CARTERET,NEWMARK HS,Private,N/A,20.00%,N/A,N/A,N/A,6,N/A,N/A,N/A,310216
MONMOUTH JUNCTION,NOOR-UL-IMAN SCHOOL,Private,N/A,70.48%,N/A,N/A,N/A,10,N/A,N/A,N/A,310801
GARFIELD,NORTHEAST CHRISTIAN ACADEMY,Private,N/A,71.11%,N/A,N/A,N/A,11,N/A,N/A,N/A,#N/A
LAWRENCEVILLE,NOTRE DAME H S,Private,N/A,15.60%,N/A,N/A,N/A,14,N/A,N/A,N/A,311492
SUMMIT,OAK KNOLL SCHOOL,Private,N/A,8.91%,N/A,N/A,N/A,7,N/A,N/A,N/A,311430
TINTON FALLS,OAKWOOD SCHOOL,Private,N/A,18.60%,100%,N/A,N/A,5,N/A,N/A,N/A,#N/A
BAYVILLE,OCEAN ACADEMY,Private,N/A,10.53%,N/A,N/A,N/A,6,N/A,N/A,N/A,#N/A
TOMS RIVER,OCEAN COUNTY CHRISTIAN ACADEMY,Private,N/A,42.06%,N/A,N/A,N/A,7,N/A,N/A,N/A,311477
SUMMIT,ORATORY PREPARATORY SCHOOL,Private,N/A,17.76%,100%,N/A,N/A,9,N/A,N/A,N/A,#N/A
NEWFIELD,OUR LADY OF MERCY AC,Private,N/A,6.18%,N/A,100%,N/A,8,N/A,N/A,N/A,310996
PARAMUS,PALISADES PARK JR-SR,Private,N/A,55.17%,N/A,N/A,N/A,6,N/A,N/A,N/A,311067
PARAMUS,PARAMUS CATHOLIC HIGH SCHOOL,Private,N/A,55.96%,N/A,N/A,N/A,15,N/A,N/A,N/A,311071
PARSIPPANY,PARSIPPANY CHRISTN S,Private,N/A,74.75%,N/A,N/A,N/A,14,N/A,N/A,N/A,311077
CLIFTON,PASSAIC COUNTY ELKS CP CENTER &,Private,N/A,79.65%,N/A,N/A,N/A,13,N/A,N/A,N/A,#N/A
PATERSON,PATERSON CATH REG HS,Private,N/A,99.34%,N/A,N/A,N/A,13,N/A,N/A,N/A,311095
HADDONFIELD,PAUL VI HIGH SCHOOL,Private,N/A,15.77%,N/A,N/A,N/A,16,N/A,N/A,N/A,310473
CEDAR KNOLLS,PG CHAMBERS SCHOOL,Private,N/A,32.14%,N/A,N/A,N/A,6,N/A,N/A,N/A,#N/A
VINELAND,PINELAND LEARNING CENTER,Private,N/A,65.00%,N/A,N/A,N/A,6,N/A,N/A,N/A,#N/A
CLIFTON,PIONEER ACADEMY OF SCIENCE,Private,N/A,10.06%,N/A,N/A,N/A,9,N/A,N/A,N/A,#N/A
SPARTA,POPE JN XXIII REG HS,Private,N/A,8.30%,N/A,N/A,N/A,14,N/A,N/A,N/A,311407
PRINCETON,PRINCETON CHILD DEVELOPMENT INST,Private,N/A,14.81%,N/A,N/A,N/A,5,N/A,N/A,N/A,#N/A
PRINCETON,PRINCETON DAY SCHOOL,Private,N/A,50.38%,N/A,N/A,N/A,8,N/A,N/A,N/A,#N/A
POTTERSVILLE,PURNELL SCHOOL,Private,N/A,17.02%,N/A,100%,N/A,5,N/A,N/A,N/A,311253
NORTH ARLINGTON,QUEEN OF PEACE H S,Private,N/A,48.16%,N/A,N/A,N/A,11,N/A,N/A,N/A,311014
EDISON,RABBI JACOB JOSEPH SCHOOL,Private,N/A,0.00%,100%,N/A,N/A,8,N/A,N/A,N/A,310293
TINTON FALLS,RANNEY SCHOOL,Private,N/A,32.19%,N/A,N/A,N/A,9,N/A,N/A,N/A,311336
ELIZABETH,RAV TEITZ MESIVTA ACADEMY,Private,N/A,0.00%,100%,N/A,N/A,9,N/A,N/A,N/A,#N/A
RED BANK,RED BANK CATHOLIC HIGH SCHOOL,Private,N/A,10.25%,N/A,N/A,N/A,13,N/A,N/A,N/A,#N/A
HIGHLAND PARK,REENAS BAIS YAAKOV,Private,N/A,0.00%,N/A,100%,N/A,11,N/A,N/A,N/A,#N/A
SKILLMAN,ROCK BROOK SCHOOL INC,Private,N/A,33.33%,N/A,N/A,N/A,7,N/A,N/A,N/A,#N/A
ROSELLE,ROSELLE CATH H S,Private,N/A,56.12%,N/A,N/A,N/A,13,N/A,N/A,N/A,311328
SOMERSET,RUTGERS PREP SCHOOL,Private,N/A,100.15%,N/A,N/A,N/A,7,N/A,N/A,N/A,310985
VINELAND,SACRED HEART H S,Private,N/A,19.44%,N/A,N/A,N/A,12,N/A,N/A,N/A,311560
SADDLE RIVER,SADDLE RIVER C DAY S,Private,N/A,19.05%,N/A,N/A,N/A,6,N/A,N/A,N/A,311348
BOONTON,SAGE DAY SCHOOL,Private,N/A,20.51%,N/A,N/A,N/A,6,N/A,N/A,N/A,311324
ROCHELLE PARK,SAGE DAY AT ROCHELLE PARK,Private,N/A,6.74%,N/A,N/A,N/A,7,N/A,N/A,N/A,#N/A
PENNSVILLE,SALEM COUNTY CHRISTIAN ACADEMY,Private,N/A,18.18%,N/A,N/A,N/A,5,N/A,N/A,N/A,#N/A
EATONTOWN,SCHOOL FOR CHILDREN,Private,N/A,16.11%,N/A,N/A,N/A,9,N/A,N/A,N/A,#N/A
OCEAN,SCHROTH SCHOOL,Private,N/A,68.75%,N/A,N/A,N/A,4,N/A,N/A,N/A,#N/A
WEST ORANGE,SETON HALL PREPARATORY SCHOOL,Private,N/A,24.02%,100%,N/A,N/A,13,N/A,N/A,N/A,#N/A
MORRISTOWN,SHEPARD ACADEMY,Private,N/A,102.50%,N/A,N/A,N/A,7,N/A,N/A,N/A,#N/A
MORRISTOWN,SHEPARD HIGH SCHOOL,Private,N/A,23.81%,N/A,N/A,N/A,6,N/A,N/A,N/A,#N/A
TEANECK,SINAI SCHOOL AT MA'AYANOT,Private,N/A,0.00%,N/A,100%,N/A,1,N/A,N/A,N/A,#N/A
EWING,SISTER GEORGINE SCHOOL,Private,N/A,93.33%,N/A,N/A,N/A,5,N/A,N/A,N/A,#N/A
WEST ORANGE,SOLOMON SCHECHTER DAY SCHOOL OF,Private,N/A,100.00%,N/A,N/A,N/A,6,N/A,N/A,N/A,#N/A
SOMERSET,SOMERSET BIBLE BAPTIST CHRISTIAN,Private,N/A,35.71%,N/A,N/A,N/A,9,N/A,N/A,N/A,#N/A
BEDMINSTER,SOMERSET HILLS LEARNING INSTITUT,Private,N/A,25.00%,N/A,N/A,N/A,3,N/A,N/A,N/A,#N/A
MIDDLESEX,SOMERSET HILLS SCHOOL,Private,N/A,73.68%,100%,N/A,N/A,5,N/A,N/A,N/A,#N/A
NEWARK,SR CLARA MUHAMMAD SCHOOL,Private,N/A,100.00%,N/A,N/A,N/A,-1,N/A,N/A,N/A,#N/A
JERSEY CITY,ST ANTHONY HIGH SCHOOL,Private,N/A,97.90%,N/A,N/A,N/A,11,N/A,N/A,N/A,#N/A
RICHLAND,ST AUGUSTINE PREPARATORY SCHOOL,Private,N/A,9.52%,100%,N/A,N/A,13,N/A,N/A,N/A,#N/A
NEWARK,ST BENEDICT'S PREPARATORY SCHOOL,Private,N/A,90.25%,100%,N/A,N/A,14,N/A,N/A,N/A,#N/A
JERSEY CITY,SAINT DOMINIC ACAD,Private,N/A,72.95%,N/A,100%,N/A,13,N/A,N/A,N/A,310635
HOLMDEL,ST JOHN VIANNEY H S,Private,N/A,9.32%,N/A,N/A,N/A,17,N/A,N/A,N/A,310568
METUCHEN,ST JOSEPHS HIGH SCH,Private,N/A,25.81%,100%,N/A,N/A,16,N/A,N/A,N/A,310500
HAMMONTON,ST JOSEPHS HIGH SCH,Private,N/A,10.39%,N/A,N/A,N/A,8,N/A,N/A,N/A,310500
MONTVALE,ST JOSEPH REG H S,Private,N/A,27.27%,100%,N/A,N/A,17,N/A,N/A,N/A,310824
JERSEY CITY,ST MARY HIGH SCHOOL,Private,N/A,96.55%,N/A,N/A,N/A,16,N/A,N/A,N/A,310639
RUTHERFORD,SAINT MARYS HIGH SCH,Private,N/A,43.19%,N/A,N/A,N/A,12,N/A,N/A,N/A,311345
ELIZABETH,ST MARY OF ASSUMP HS,Private,N/A,93.19%,N/A,N/A,N/A,11,N/A,N/A,N/A,310325
ELIZABETH,ST PATRICKS HIGH SCH,Private,N/A,96.19%,N/A,N/A,N/A,12,N/A,N/A,N/A,310330
JERSEY CITY,SAINT PETERS H S,Private,N/A,36.59%,100%,N/A,N/A,14,N/A,N/A,N/A,310990
MONTVILLE,ST PIUS X REG H S,Private,N/A,33.08%,N/A,N/A,N/A,17,N/A,N/A,N/A,311213
BELMAR,ST ROSE HIGH SCH,Private,N/A,9.43%,N/A,N/A,N/A,14,N/A,N/A,N/A,310080
NEWARK,ST VINCENT ACADEMY,Private,N/A,94.84%,N/A,100%,N/A,11,N/A,N/A,N/A,310955
BLOOMSBURY,STEPPING STONE SCHOOL,Private,N/A,14.29%,N/A,N/A,N/A,6,N/A,N/A,N/A,#N/A
ALLOWAY,STRANG SCHOOL/RANCH HOPE INC,Private,N/A,61.82%,N/A,N/A,N/A,5,N/A,N/A,N/A,#N/A
STRATFORD,STRATFORD CLASSICAL CHRISTIAN AC,Private,N/A,74.58%,N/A,N/A,N/A,8,N/A,N/A,N/A,#N/A
PRINCETON,STUART COUNTRY D S,Private,N/A,45.08%,N/A,100%,N/A,6,N/A,N/A,N/A,311278
ADELPHIA,TALMUDICAL ACADEMY NJ,Private,N/A,0.00%,100%,N/A,N/A,5,N/A,N/A,N/A,310002
JERSEY CITY,T E T CHRISTIAN ACAD,Private,N/A,100.00%,N/A,N/A,N/A,7,N/A,N/A,N/A,310646
ATCO,THE ARCHWAY SCHOOL,Private,N/A,39.09%,N/A,N/A,N/A,6,N/A,N/A,N/A,#N/A
TRENTON,THE BRIDGE ACADEMY,Private,N/A,38.46%,N/A,N/A,N/A,3,N/A,N/A,N/A,#N/A
VERONA,THE CHILDREN'S INSTITUTE,Private,N/A,45.63%,N/A,N/A,N/A,8,N/A,N/A,N/A,#N/A
MOUNTAIN LAKES,THE CRAIG SCHOOL,Private,N/A,4.14%,N/A,N/A,N/A,4,N/A,N/A,N/A,#N/A
WALDWICK,THE FORUM SCHOOL,Private,N/A,100.72%,N/A,N/A,N/A,6,N/A,N/A,N/A,#N/A
PARAMUS,THE FRISCH SCHOOL,Private,N/A,0.00%,N/A,N/A,N/A,8,N/A,N/A,N/A,#N/A
TRENTON,THE GARVEY SCHOOL,Private,N/A,100.00%,N/A,N/A,N/A,3,N/A,N/A,N/A,311476
FAIRFIELD,THE GRAMON SCHOOL & GLENVIEW ACA,Private,N/A,97.62%,N/A,N/A,N/A,8,N/A,N/A,N/A,#N/A
HOBOKEN,THE HUDSON SCHOOL,Private,N/A,34.36%,N/A,N/A,N/A,5,N/A,N/A,N/A,#N/A
PRINCETON,THE HUN SCHOOL OF PRINCETON,Private,N/A,19.80%,N/A,N/A,N/A,6,N/A,N/A,N/A,#N/A
CHERRY HILL,THE KING'S CHRISTIAN SCHOOL,Private,N/A,43.07%,N/A,N/A,N/A,10,N/A,N/A,N/A,#N/A
ORANGE,THE LAKESIDE SCHOOL,Private,N/A,72.73%,N/A,N/A,N/A,11,N/A,N/A,N/A,#N/A
LAWRENCEVILLE,THE LAWRENCEVILLE SCHOOL,Private,N/A,33.87%,N/A,N/A,N/A,8,N/A,N/A,N/A,#N/A
CLIFTON,THE LEARNING CENTER FOR EXCEPTIO,Private,N/A,60.53%,N/A,N/A,N/A,11,N/A,N/A,N/A,#N/A
LIVINGSTON,THE MILTON SCHOOL,Private,N/A,73.68%,N/A,N/A,N/A,3,N/A,N/A,N/A,310796
MONTCLAIR,THE MONTCLAIR KIMBERLEY ACADEMY,Private,N/A,31.65%,N/A,N/A,N/A,6,N/A,N/A,N/A,#N/A
OAKLAND,THE NEW JERSEY JAPANESE SCHOOL,Private,N/A,100.00%,N/A,N/A,N/A,6,N/A,N/A,N/A,#N/A
HIGHTSTOWN,THE PEDDIE SCHOOL,Private,N/A,15.21%,N/A,N/A,N/A,6,N/A,N/A,N/A,#N/A
PENNINGTON,THE PENNINGTON SCHOOL,Private,N/A,55.26%,N/A,N/A,N/A,5,N/A,N/A,N/A,#N/A
NUTLEY,THE PHOENIX CENTER INC,Private,N/A,45.21%,N/A,N/A,N/A,9,N/A,N/A,N/A,#N/A
EGG HARBOR CITY,THE PILGRIM ACADEMY,Private,N/A,30.25%,N/A,N/A,N/A,11,N/A,N/A,N/A,#N/A
MARTINSVILLE,THE PINGRY SCHOOL,Private,N/A,100.10%,N/A,N/A,N/A,6,N/A,N/A,N/A,#N/A
TITUSVILLE,THE STUDIO FOR EXPERIENTIAL LEAR,Private,N/A,25.00%,N/A,N/A,N/A,4,N/A,N/A,N/A,#N/A
TITUSVILLE,THE TITUSVILLE ACADEMY,Private,N/A,68.33%,N/A,N/A,N/A,5,N/A,N/A,N/A,311451
EASTAMPTON,TIMOTHY CHRISTIAN ACADEMY,Private,N/A,66.84%,N/A,N/A,N/A,7,N/A,N/A,N/A,#N/A
PISCATAWAY,TIMOTHY CHRISTIAN SC,Private,N/A,49.45%,N/A,N/A,N/A,10,N/A,N/A,N/A,311212
TEANECK,TORAH ACADEMY,Private,N/A,0.00%,100%,N/A,N/A,10,N/A,N/A,N/A,310993
HAMILTON,TRENTON CATHOLIC SCHOOL UPPER SCHOOL,Private,N/A,80.10%,N/A,N/A,N/A,9,N/A,N/A,N/A,#N/A
ELIZABETH,TRINITY CHRISTIAN ACADEMY,Private,N/A,87.39%,N/A,N/A,N/A,9,N/A,N/A,N/A,310342
SCOTCH PLAINS,UNION CATH REG H S,Private,N/A,56.46%,N/A,N/A,N/A,15,N/A,N/A,N/A,311362
CAMDEN,URBAN PROMISE ACADEMY,Private,N/A,100.00%,N/A,N/A,N/A,7,N/A,N/A,N/A,#N/A
LAWNSIDE,VALLEY BIBLE WORD FAITH CHURCH,Private,N/A,100.00%,N/A,N/A,N/A,12,N/A,N/A,N/A,310679
SPARTA,VERITAS CHRISTIAN ACADEMY,Private,N/A,5.63%,N/A,N/A,N/A,11,N/A,N/A,N/A,#N/A
WILLIAMSTOWN,VICTORY CHRISTIAN SC,Private,N/A,39.20%,N/A,N/A,N/A,6,N/A,N/A,N/A,311626
EWING,VILLA VICTORIA ACADEMYN LOWER,Private,N/A,15.63%,N/A,100%,N/A,8,N/A,N/A,N/A,#N/A
MORRISTOWN,VILLA WALSH ACADEMY,Private,N/A,4.33%,N/A,100%,N/A,10,N/A,N/A,N/A,310850
COLTS NECK,VOYAGERS' COMMUNITY SCHOOL,Private,N/A,13.33%,N/A,N/A,N/A,7,N/A,N/A,N/A,#N/A
WALDWICK,WALDWICK SEVENTH-DAY ADVENTIST S,Private,N/A,95.70%,N/A,N/A,N/A,14,N/A,N/A,N/A,#N/A
EDISON,WARDLAW-HARTRIDGE SCHOOL,Private,N/A,55.80%,N/A,N/A,N/A,7,N/A,N/A,N/A,#N/A
CEDAR GROVE,WASHINGTON ACADEMY,Private,N/A,87.41%,N/A,N/A,N/A,4,N/A,N/A,N/A,#N/A
RED BANK,WEST SIDE CHRISTIAN ACADEMY,Private,N/A,93.94%,N/A,N/A,N/A,8,N/A,N/A,N/A,#N/A
NORTH WILDWOOD,WILDWOOD CATH H S,Private,N/A,10.31%,N/A,N/A,N/A,11,N/A,N/A,N/A,311030
SPARTA,WILLOWGLEN ACADEMY,Private,N/A,43.56%,N/A,N/A,N/A,5,N/A,N/A,N/A,#N/A
WEST PATERSON,WINDSOR ACADEMY,Private,N/A,80.65%,N/A,N/A,N/A,8,N/A,N/A,N/A,#N/A
WALL TOWNSHIP,WOODCLIFF ACADEMY,Private,N/A,48.00%,N/A,N/A,N/A,3,N/A,N/A,N/A,311637
FORT LEE,Y C S FORT LEE EDUCATION CENTER,Private,N/A,84.62%,N/A,N/A,N/A,6,N/A,N/A,N/A,#N/A
NORTHFIELD,YALE SCHOOL EAST,Private,N/A,24.49%,N/A,N/A,N/A,5,N/A,N/A,N/A,#N/A
WILLIAMSTOWN,YALE SCHOOL WILLIAMSTOWN CAMPUS,Private,N/A,51.22%,N/A,N/A,N/A,6,N/A,N/A,N/A,#N/A
HACKENSACK,YCS GEORGE WASHINGTON SCHOOL,Private,N/A,81.93%,N/A,N/A,N/A,7,N/A,N/A,N/A,#N/A
JERSEY CITY,YCS MAY ACADEMY,Private,N/A,90.70%,N/A,N/A,N/A,6,N/A,N/A,N/A,#N/A
LAKEWOOD,YESHIVA BAIS AHARON,Private,N/A,0.00%,100%,N/A,N/A,12,N/A,N/A,N/A,#N/A
LAKEWOOD,YESHIVA BAIS YISROEL HIGH SCHOOL,Private,N/A,0.00%,100%,N/A,N/A,6,N/A,N/A,N/A,#N/A
LAKEWOOD,YESHIVA BIRCHAS CHAIM,Private,N/A,0.00%,100%,N/A,N/A,12,N/A,N/A,N/A,#N/A
LAKEWOOD,YESHIVA GEDOLA OF WOODLAKE VILLA,Private,N/A,0.00%,100%,N/A,N/A,5,N/A,N/A,N/A,#N/A
BAYONNE,YESHIVA GEDOLAH OF BAYONNE,Private,N/A,0.00%,100%,N/A,N/A,6,N/A,N/A,N/A,310071
LAKEWOOD,YESHIVA KEREN HATORAH,Private,N/A,0.00%,100%,N/A,N/A,14,N/A,N/A,N/A,#N/A
LAKEWOOD,YESHIVA KETER TORAH,Private,N/A,0.00%,100%,N/A,N/A,10,N/A,N/A,N/A,#N/A
LAKEWOOD,YESHIVA K'TANA OF LAKEWOOD,Private,N/A,0.00%,100%,N/A,N/A,16,N/A,N/A,N/A,#N/A
LAKEWOOD,YESHIVA OF BROOKLYN,Private,N/A,1.62%,N/A,N/A,N/A,11,N/A,N/A,N/A,#N/A
ENGLEWOOD,YESHIVA OHR HATALMUD,Private,N/A,0.00%,100%,N/A,N/A,9,N/A,N/A,N/A,310362
JAMESBURG,YESHIVA TIFERES NAFTOLI OF CENTR,Private,N/A,0.00%,100%,N/A,N/A,2,N/A,N/A,N/A,#N/A
LAKEWOOD,YESHIVA TORAS CHAIM,Private,N/A,0.00%,100%,N/A,N/A,15,N/A,N/A,N/A,#N/A
LAKEWOOD,YESHIVA YESODEI HATORAH,Private,N/A,0.00%,100%,N/A,N/A,4,N/A,N/A,N/A,#N/A
LAKEWOOD,YESHIVAS EMEK HATORAH,Private,N/A,0.00%,100%,N/A,N/A,5,N/A,N/A,N/A,#N/A
LAKEWOOD,YESHIVAS OHR YISSOCHOR,Private,N/A,0.00%,100%,N/A,N/A,7,N/A,N/A,N/A,#N/A
EDISON,YOU & ME SCHOOL,Private,N/A,66.67%,N/A,N/A,N/A,4,N/A,N/A,N/A,#N/A
