school_name,school_county,school_type,state_district_id,total_students,9_grade_students,10_grade_students,11_grade_students,12_grade_students,total_male,total_female,total_american_indian_alaskan,total_asians,total_black,total_hispanic,total_white,free_lunch_eligible,student_teacher_ratio,fte_teachers,school_level,low_grade,high_grade
A HAMILTON PREPARATORY ACADEMY,UNION,1-Regular school,3404590,707,197,191,182,137,316,391,0,14,138,478,77,550,16.44,43,3-High,9th Grade,12th Grade
ABRAHAM CLARK HIGH SCHOOL,UNION,1-Regular school,3414280,1066,175,245,207,185,551,515,0,16,742,288,19,523,15.12,70.5,3-High,8th Grade,12th Grade
ABSEGAMI H S,ATLANTIC,1-Regular school,3406060,1948,465,502,486,488,979,969,0,288,325,246,1081,385,14.74,132.2,3-High,9th Grade,12th Grade
ACADEMY ALLIED HEALTH & SCI,MONMOUTH,3-Vocational school,3417500,289,78,72,67,72,97,192,0,84,13,15,177,15,11.56,25,3-High,9th Grade,12th Grade
ACADEMY CHARTER HIGH SCHOOL,MONMOUTH,1-Regular school,3400048,188,51,51,41,45,82,106,0,0,160,24,2,81,11.06,17,3-High,9th Grade,12th Grade
ACADEMY FOR INFO TECH,UNION,3-Vocational school,3418040,247,64,61,60,61,146,101,0,38,30,28,145,20,10.56,23.4,3-High,9th Grade,12th Grade
ACADEMY HIGH SCHOOL,PASSAIC,1-Regular school,3412690,1200,276,331,233,271,566,634,0,40,495,609,56,820,18.46,65,3-High,9th Grade,12th Grade
ACADEMY LEARNING CENTER,MIDDLESEX,2-Special education school,3480180,134,2,3,3,8,95,39,1,20,25,16,72,11,6.7,20,4-Other,Prekindergarten,12th Grade
ADM  W F HALSEY LEADERSHIP ACADEMY,UNION,1-Regular school,3404590,1055,399,262,180,157,495,560,1,12,255,726,61,839,12.71,83,3-High,9th Grade,12th Grade
ALBERT C   WAGNER CORRECTIONAL FACILITY,BURLINGTON,4-Alternative/other school,3400088,98,16,19,32,31,98,0,0,0,75,16,7,0,12.25,8,3-High,9th Grade,12th Grade
ALLENTOWN HIGH SCHOOL,MONMOUTH,1-Regular school,3416560,1145,286,315,264,263,570,575,1,31,54,45,1012,33,17.72,64.6,3-High,9th Grade,12th Grade
ALTERNATIVE HIGH SCHOOL - YES ACADEMY,PASSAIC,1-Regular school,3412690,0,0,0,0,0,0,0,0,0,0,0,0,0,0,12,3-High,9th Grade,12th Grade
AMERICAN HISTORY HIGH SCHOOL,ESSEX,1-Regular school,3411340,261,76,71,61,53,99,162,0,3,177,72,9,205,14.5,18,3-High,9th Grade,12th Grade
ANCORA PSYCHIATRIC HOSPITAL,CAMDEN,4-Alternative/other school,3400085,2,0,0,0,2,1,1,0,0,1,0,1,0,1,2,3-High,12th Grade,12th Grade
ANNE KLIEN FORENSIC CENTER,MERCER,4-Alternative/other school,3400085,2,0,0,1,1,2,0,0,0,1,1,0,0,1,2,3-High,11th Grade,12th Grade
ARTHUR L  JOHNSON H S,UNION,1-Regular school,3403150,853,193,207,200,213,461,392,0,16,3,75,759,42,13.16,64.8,3-High,9th Grade,12th Grade
ARTHUR P SCHALICK H S,SALEM,1-Regular school,3413110,562,133,157,144,112,292,270,0,3,42,43,455,115,14.12,39.8,3-High,9th Grade,12th Grade
ARTS,ESSEX,1-Regular school,3411340,540,141,156,136,107,222,318,1,1,278,218,42,345,11.87,45.5,4-Other,6th Grade,12th Grade
ASBURY PARK HIGH SCHOOL,MONMOUTH,1-Regular school,3400930,439,80,125,82,100,225,214,0,2,347,80,10,305,8,54.9,3-High,9th Grade,12th Grade
ATLANTIC CITY HIGH SCHOOL,ATLANTIC,1-Regular school,3400960,2327,693,522,536,487,1211,1116,1,303,841,722,431,1243,14.59,159.5,3-High,9th Grade,12th Grade
ATLANTIC CITY TRANSITION DAY PROG,ATLANTIC,4-Alternative/other school,3400089,5,1,2,1,1,5,0,0,0,5,0,0,0,5,1,3-High,9th Grade,12th Grade
ATLANTIC COUNTY   JUV   DET   CENTER,ATLANTIC,4-Alternative/other school,3400089,23,4,6,7,6,23,0,0,0,18,3,2,0,7.67,3,3-High,9th Grade,12th Grade
ATLANTIC COUNTY ELEM  MIDDLE,ATLANTIC,2-Special education school,3400006,184,0,1,0,0,119,65,0,15,39,42,86,74,6.13,30,4-Other,Prekindergarten,12th Grade
ATLANTIC COUNTY HIGH SCHOOL,ATLANTIC,2-Special education school,3400006,176,4,3,5,25,103,73,1,10,35,30,99,46,5.03,35,4-Other,3rd Grade,12th Grade
ATLANTIC CTY INST OF TECH,ATLANTIC,3-Vocational school,3400990,748,179,169,203,197,390,358,4,36,153,196,340,259,11.33,66,3-High,9th Grade,12th Grade
ATLANTIC TRANSITIONAL EDUCATION CENTER,ATLANTIC,4-Alternative/other school,3400085,45,6,12,19,8,6,39,0,0,26,13,6,0,0,0,3-High,9th Grade,12th Grade
AUDUBON HIGH SCHOOL,CAMDEN,1-Regular school,3401050,780,137,141,136,156,385,395,3,9,10,24,732,71,12.48,62.5,3-High,7th Grade,12th Grade
B E S T ACADEMY,â€“,4-Alternative/other school,3400069,0,0,0,0,0,0,0,0,0,0,0,0,0,0,0,3-High,10th Grade,12th Grade
BANKBRIDGE REGIONAL SCHOOL,GLOUCESTER,2-Special education school,3480363,600,12,11,13,26,458,142,1,6,137,59,387,103,6.38,94,4-Other,Prekindergarten,12th Grade
BARNEGAT HIGH SCHOOL,OCEAN,1-Regular school,3416470,954,231,256,229,217,478,476,1,24,63,83,781,134,13.73,69.5,3-High,9th Grade,12th Grade
BARRINGER,ESSEX,1-Regular school,3411340,1476,309,276,287,295,831,645,1,4,534,923,14,976,15.54,95,3-High,9th Grade,12th Grade
BARTELS CORNER,HUNTERDON,3-Vocational school,3400050,1,0,0,0,1,1,0,0,0,0,0,1,0,0.13,8,3-High,12th Grade,12th Grade
BAYONNE HIGH SCHOOL,HUDSON,1-Regular school,3401260,2586,669,625,560,576,1340,1246,0,172,267,934,1201,1210,15.21,170,3-High,9th Grade,12th Grade
BELLEVILLE SR  HIGH SCHOOL,ESSEX,1-Regular school,3401350,1395,369,391,348,278,580,537,2,157,101,611,241,388,12.57,111,3-High,9th Grade,12th Grade
BELVIDERE HIGH SCHOOL,WARREN,1-Regular school,3401440,552,106,155,131,153,266,286,2,2,5,12,530,48,14.45,38.2,3-High,9th Grade,12th Grade
BERGEN ACADS HACKENSACK,BERGEN,3-Vocational school,3401470,1068,272,260,271,265,503,565,0,452,27,58,523,26,11.51,92.8,3-High,9th Grade,12th Grade
BERGEN COUNTY  JUV  DET  CENTER,BERGEN,4-Alternative/other school,3400089,7,1,3,1,1,7,0,0,0,4,1,2,0,7,1,3-High,7th Grade,12th Grade
BERGEN REGIONAL SCHOOL,BERGEN,4-Alternative/other school,3400085,49,3,5,5,5,26,23,0,2,21,4,22,0,5.44,9,4-Other,2nd Grade,12th Grade
BERGENFIELD HIGH SCHOOL,BERGEN,1-Regular school,3401500,1190,294,299,307,269,622,568,0,339,95,476,267,233,14.13,84.2,3-High,9th Grade,12th Grade
BERNARDS HIGH SCHOOL,SOMERSET,1-Regular school,3400009,795,181,207,197,210,392,403,0,45,17,87,646,38,14.4,55.2,3-High,9th Grade,12th Grade
BIOTECHNOLOGY H  S,MONMOUTH,3-Vocational school,3417500,309,80,83,74,72,145,164,0,70,4,5,230,4,12.88,24,3-High,9th Grade,12th Grade
BLOOMFIELD HIGH SCHOOL,ESSEX,1-Regular school,3401830,1824,493,486,433,396,940,884,6,183,541,583,505,510,13.57,134.4,3-High,9th Grade,12th Grade
BOAACD,UNION,1-Regular school,3413140,53,8,8,19,18,28,25,0,0,41,12,0,32,8.83,6,3-High,9th Grade,12th Grade
BOGOTA JR   SR  HIGH SCHOOL,BERGEN,1-Regular school,3401920,571,97,89,89,100,291,280,0,38,59,329,143,157,14.42,39.6,3-High,7th Grade,12th Grade
BOONTON HIGH SCHOOL,MORRIS,1-Regular school,3401950,587,143,160,140,130,305,282,1,79,32,83,385,83,15.21,38.6,3-High,9th Grade,12th Grade
BORDENTOWN REGIONAL H S,BURLINGTON,1-Regular school,3402030,709,171,164,167,207,360,349,1,65,118,58,466,101,13.53,52.4,3-High,9th Grade,12th Grade
BOUND BROOK HIGH SCHOOL,SOMERSET,1-Regular school,3402100,486,123,129,95,128,288,198,0,15,48,279,141,209,15,32.4,3-High,9th Grade,12th Grade
BRDGWTR  RARITN HIGH SCHOOL,SOMERSET,1-Regular school,3402280,2914,771,689,718,711,1469,1445,3,519,105,260,2023,137,12.96,224.9,3-High,9th Grade,12th Grade
BRICK CENTER,OCEAN,3-Vocational school,3411980,338,0,14,151,173,158,180,0,3,18,31,285,56,11.42,29.6,3-High,10th Grade,12th Grade
BRICK TWP HIGH SCHOOL,OCEAN,1-Regular school,3402220,1415,365,415,311,268,704,711,1,41,30,153,1187,163,13.31,106.3,3-High,9th Grade,12th Grade
BRICK TWP MEMORIAL HIGH SCHOOL,OCEAN,1-Regular school,3402220,1778,442,464,441,406,933,845,3,31,94,91,1555,207,15.07,118,3-High,9th Grade,12th Grade
BRIDGETON HIGH SCHOOL,CUMBERLAND,1-Regular school,3402250,1135,355,265,245,220,565,570,4,3,445,554,122,846,10.41,109,3-High,9th Grade,12th Grade
BRIMM MEDICAL ARTS HIGH SCHOOL,CAMDEN,1-Regular school,3402640,240,59,63,52,66,85,155,0,4,164,72,0,137,10,24,3-High,9th Grade,12th Grade
BUENA REGIONAL HIGH SCHOOL,ATLANTIC,1-Regular school,3402400,882,186,220,181,182,372,397,0,4,114,121,526,121,14.9,59.2,3-High,9th Grade,12th Grade
BURLINGTON CITY HIGH SCHOOL,BURLINGTON,1-Regular school,3402430,789,147,106,126,168,400,389,0,31,418,66,269,332,12.01,65.7,3-High,7th Grade,12th Grade
BURLINGTON COUNTY   JUVEN   DET   CENTER,BURLINGTON,4-Alternative/other school,3400089,11,3,5,2,1,5,6,0,0,9,0,2,0,3.67,3,3-High,9th Grade,12th Grade
BURLINGTON COUNTY SPEC SCHOOL  WC,BURLINGTON,2-Special education school,3402440,415,5,10,16,18,305,110,0,7,136,45,227,67,5.61,74,4-Other,Prekindergarten,12th Grade
BURLINGTON REGIONAL SCHOOL,BURLINGTON,4-Alternative/other school,3400085,8,3,1,1,1,8,0,0,0,6,0,2,0,1.6,5,3-High,7th Grade,12th Grade
BURLINGTON TWP HIGH SCHOOL,BURLINGTON,1-Regular school,3402460,1220,277,328,303,296,596,624,3,109,414,101,590,141,16.29,74.9,3-High,9th Grade,12th Grade
BUTLER HIGH SCHOOL,MORRIS,1-Regular school,3402520,516,98,156,113,141,276,240,0,19,7,47,443,41,12.65,40.8,3-High,9th Grade,12th Grade
CAMDEN ACADEMY CHARTER HIGH SCHOOL,CAMDEN,1-Regular school,3400071,425,118,103,107,97,180,245,0,0,145,280,0,304,12.5,34,3-High,9th Grade,12th Grade
CAMDEN CAP,CAMDEN,4-Alternative/other school,3400089,8,0,2,3,3,8,0,0,0,8,0,0,0,4,2,3-High,10th Grade,12th Grade
CAMDEN COUNTY  YOUTH CENTER,CAMDEN,4-Alternative/other school,3400089,40,11,10,14,2,38,2,0,0,30,4,6,0,5,8,3-High,8th Grade,12th Grade
CAMDEN COUNTY TECH  GLOUCESTER,CAMDEN,3-Vocational school,3402670,1335,417,380,270,268,731,604,2,15,514,379,412,731,12.1,110.3,3-High,9th Grade,12th Grade
CAMDEN COUNTY TECH  PENNSAUKEN,CAMDEN,3-Vocational school,3402670,789,225,198,196,170,402,387,1,36,236,489,16,589,13.58,58.1,3-High,9th Grade,12th Grade
CAMDEN HIGH SCHOOL,CAMDEN,1-Regular school,3402640,889,169,140,143,166,484,405,0,1,681,206,1,532,10.84,82,3-High,9th Grade,12th Grade
CAMDEN HOUSE,CAMDEN,4-Alternative/other school,3400089,13,2,6,2,3,13,0,0,0,7,5,1,0,2.6,5,3-High,9th Grade,12th Grade
CAMDEN PREP,CAMDEN,4-Alternative/other school,3400089,14,6,4,3,1,14,0,0,0,5,6,3,0,3.5,4,3-High,9th Grade,12th Grade
CAMDEN VIRTUA - INSIGHT,CAMDEN,4-Alternative/other school,3400085,0,0,0,0,0,0,0,0,0,0,0,0,0,0,4,3-High,7th Grade,12th Grade
CAMDEN VIRTUA KIDS IN TRANSISTION,CAMDEN,4-Alternative/other school,3400085,29,2,6,6,2,14,15,0,0,13,5,11,0,7.25,4,4-Other,6th Grade,12th Grade
CAMPUS PROGRAM,CAMDEN,4-Alternative/other school,3400089,24,8,6,9,1,24,0,0,0,13,8,3,0,6,4,3-High,9th Grade,12th Grade
CAPE MAY COUNTY TECH H S,CAPE MAY,3-Vocational school,3402730,657,168,158,153,142,362,295,0,12,32,31,582,96,10.68,61.5,3-High,9th Grade,12th Grade
CAPE MAY COUNTY HIGH SCHOOL,CAPE MAY,2-Special education school,3402740,171,14,25,23,47,113,58,0,0,27,21,122,29,7.13,24,4-Other,4th Grade,12th Grade
CAPE MAY REGIONAL SCHOOL,CAPE MAY,4-Alternative/other school,3400085,9,3,1,1,1,2,7,0,0,2,1,6,0,1.13,8,4-Other,5th Grade,12th Grade
CAPE MAY TRANSITIONAL EDUCATION CENTER,CAPE MAY,4-Alternative/other school,3400085,12,1,3,4,4,1,11,0,0,1,2,9,0,0,0,3-High,9th Grade,12th Grade
CAPITAL ACADEMY,MERCER,4-Alternative/other school,3400085,42,10,9,14,9,42,0,0,0,31,6,5,0,10.5,4,3-High,9th Grade,12th Grade
CAPITAL PREPARTORY CHARTER HIGH SCHOOL,MERCER,1-Regular school,3400722,304,89,99,72,44,149,155,1,1,236,60,1,187,16,19,3-High,9th Grade,12th Grade
CARTERET HIGH SCHOOL,MIDDLESEX,1-Regular school,3402820,1039,268,303,233,224,545,494,0,222,183,412,218,436,15.28,68,3-High,9th Grade,12th Grade
CEDAR GROVE HIGH SCHOOL,ESSEX,1-Regular school,3402850,450,126,98,124,102,225,225,0,30,7,21,391,7,14.66,30.7,3-High,9th Grade,12th Grade
CENTER FOR LIFE LONG LEARNING,MIDDLESEX,2-Special education school,3480180,140,2,1,3,3,106,34,0,16,34,32,58,17,5.51,25.4,4-Other,Prekindergarten,12th Grade
CENTRAL,ESSEX,1-Regular school,3411340,764,153,189,156,163,363,401,0,2,698,64,0,619,13.17,58,3-High,9th Grade,12th Grade
CENTRAL,HUNTERDON,3-Vocational school,3400050,0,0,0,0,0,0,0,0,0,0,0,0,0,0,9,3-High,9th Grade,12th Grade
CENTRAL HIGH SCHOOL,MERCER,1-Regular school,3407530,1203,307,305,304,287,626,577,1,85,20,38,1054,28,15.38,78.2,3-High,9th Grade,12th Grade
CENTRAL JERSEY COLLEGE PREP CS,MIDDLESEX,1-Regular school,3400090,285,48,40,49,52,140,145,0,9,209,54,13,105,12.13,23.5,3-High,7th Grade,12th Grade
CENTRAL REGIONAL HIGH SCHOOL,OCEAN,1-Regular school,3402910,1306,344,317,336,280,690,616,0,25,54,100,1108,281,14.01,93.2,3-High,9th Grade,12th Grade
CHARTER~TECH HIGH SCHOOL,ATLANTIC,1-Regular school,3400019,281,74,73,65,69,129,152,0,6,100,33,139,94,11.47,24.5,3-High,9th Grade,12th Grade
CHATHAM HIGH SCHOOL,MORRIS,1-Regular school,3400004,1109,286,285,293,245,539,570,0,65,7,39,998,12,15.73,70.5,3-High,9th Grade,12th Grade
CHEROKEE HIGH SCHOOL,BURLINGTON,1-Regular school,3408490,2388,604,505,590,531,1223,1165,2,136,143,65,2038,120,14.98,159.4,3-High,9th Grade,12th Grade
CHERRY HILL HIGH    EAST,CAMDEN,1-Regular school,3403000,2071,510,530,484,547,1052,1019,0,380,139,85,1451,118,16.05,129,3-High,9th Grade,12th Grade
CHERRY HILL HIGH    WEST,CAMDEN,1-Regular school,3403000,1526,389,410,369,358,776,750,0,180,164,151,1003,230,16.13,94.6,3-High,9th Grade,12th Grade
CHERRY HILL REGIONAL SCHOOL,CAMDEN,4-Alternative/other school,3400085,42,5,7,5,5,26,16,0,0,23,6,13,0,2.33,18,4-Other,2nd Grade,12th Grade
CICELY TYSON SCHOOL  PER ARTS (MS/HIGH SCHOOL),ESSEX,1-Regular school,3404230,872,140,112,95,85,394,478,0,2,852,18,0,494,12.11,72,4-Other,6th Grade,12th Grade
CINNAMINSON HIGH SCHOOL,BURLINGTON,1-Regular school,3403120,733,168,186,200,179,363,370,0,29,60,31,606,30,13.88,52.8,3-High,9th Grade,12th Grade
CLASS ACADEMY,MONMOUTH,3-Vocational school,3417500,68,0,3,26,39,35,33,0,0,20,7,41,21,9.71,7,3-High,10th Grade,12th Grade
CLASSICAL ACADEMY CS OF CLIFTO,PASSAIC,1-Regular school,3400052,112,0,0,0,0,47,65,0,19,1,66,26,28,13.49,8.3,4-Other,6th Grade,12th Grade
CLAYTON HIGH SCHOOL,GLOUCESTER,1-Regular school,3403180,335,90,81,77,87,164,171,3,11,84,20,211,132,10.98,30.5,3-High,9th Grade,12th Grade
CLEARVIEW REGIONAL HIGH SCHOOL,GLOUCESTER,1-Regular school,3403210,1600,387,348,429,385,817,783,4,44,69,29,1453,85,14.98,106.8,3-High,9th Grade,12th Grade
CLIFFSIDE PARK HIGH SCHOOL,BERGEN,1-Regular school,3403270,986,219,244,202,262,495,491,2,37,40,505,394,428,13.51,73,3-High,9th Grade,12th Grade
CLIFTON HIGH SCHOOL,PASSAIC,1-Regular school,3403300,3373,871,898,748,764,1732,1641,5,310,163,1607,1284,974,17.13,196.9,3-High,9th Grade,12th Grade
COLLINGSWOOD SR HIGH SCHOOL,CAMDEN,1-Regular school,3403420,753,136,198,202,217,394,359,1,38,150,131,427,202,16.73,45,3-High,9th Grade,12th Grade
COLONIA HIGH SCHOOL,MIDDLESEX,1-Regular school,3418120,1412,311,381,325,358,710,702,0,199,214,209,787,292,12.63,111.8,3-High,9th Grade,12th Grade
COLTS NECK HIGH SCHOOL,MONMOUTH,1-Regular school,3405610,1568,409,389,340,383,816,752,0,124,27,148,1264,68,19.12,82,3-High,9th Grade,12th Grade
COLUMBIA SR HIGH SCHOOL,ESSEX,1-Regular school,3415330,1797,498,484,389,412,917,880,2,65,931,97,690,306,12.73,141.2,3-High,9th Grade,12th Grade
COMMUNICATIONS HIGH SCHOOL,MONMOUTH,3-Vocational school,3417500,300,82,73,70,75,113,187,0,12,6,8,274,1,10.71,28,3-High,9th Grade,12th Grade
COSTELLO PREP,BURLINGTON,4-Alternative/other school,3400089,25,6,8,6,5,25,0,0,0,21,4,0,0,3.57,7,3-High,9th Grade,12th Grade
COUNTY PREP HIGH SCHOOL,HUDSON,3-Vocational school,3407570,612,144,155,135,178,270,342,1,185,74,227,114,179,9.64,63.5,3-High,9th Grade,12th Grade
CRANFORD SR HIGH SCHOOL,UNION,1-Regular school,3403570,1139,276,268,294,271,624,515,0,31,42,57,1008,26,11.67,97.6,3-High,9th Grade,12th Grade
CREATIVE & PRFRMG ARTS HIGH SCHOOL,CAMDEN,1-Regular school,3402640,149,32,37,35,45,52,97,0,0,107,42,0,79,5.73,26,3-High,9th Grade,12th Grade
CRESSKILL JR SR HIGH SCHOOL,BERGEN,1-Regular school,3403600,561,150,125,141,145,274,287,0,201,6,40,314,11,22.9,24.5,3-High,9th Grade,12th Grade
CUMBERLAND COUNTY   JUV   CENTER,CUMBERLAND,4-Alternative/other school,3400089,45,11,13,14,3,40,5,0,0,27,13,5,0,11.25,4,3-High,7th Grade,12th Grade
CUMBERLAND COUNTY TECH ED CT,CUMBERLAND,3-Vocational school,3403610,502,0,35,174,241,242,260,5,1,117,210,167,188,20.08,25,3-High,10th Grade,12th Grade
CUMBERLAND REGIONAL H S,CUMBERLAND,1-Regular school,3403620,1314,344,362,310,276,673,641,35,18,363,121,768,330,16.98,77.4,3-High,9th Grade,12th Grade
CUMBERLAND REGIONAL SCHOOL,CUMBERLAND,4-Alternative/other school,3400085,12,2,0,5,2,8,4,0,1,7,3,1,0,3,4,3-High,7th Grade,12th Grade
CUNNINGHAM,CUMBERLAND,1-Regular school,3416800,111,5,27,37,29,62,49,0,1,30,69,11,33,5.05,22,3-High,7th Grade,12th Grade
DARETOWN SCHOOL,SALEM,2-Special education school,3480361,100,9,9,4,4,77,23,0,1,27,9,62,33,3.7,27,4-Other,Prekindergarten,12th Grade
DAVID BREARLEY HIGH SCHOOL,UNION,1-Regular school,3407920,666,108,111,96,117,349,317,0,20,61,157,424,116,12.22,54.5,4-Other,6th Grade,12th Grade
DAYLIGHT  TWILIGHT H S,MERCER,1-Regular school,3416290,293,65,99,73,56,155,138,0,1,217,73,2,68,8.62,34,4-Other,5th Grade,12th Grade
DELAWARE VALLEY REGIONAL HIGH SCHOOL,HUNTERDON,1-Regular school,3403750,970,258,263,203,237,527,443,1,11,14,29,915,27,18.48,52.5,3-High,9th Grade,12th Grade
DELRAN HIGH SCHOOL,BURLINGTON,1-Regular school,3403780,899,217,212,224,210,458,441,1,42,104,55,680,83,14.88,60.4,3-High,9th Grade,12th Grade
DELSEA REGIONAL HIGH SCHOOL,GLOUCESTER,1-Regular school,3415450,1202,311,281,278,279,612,590,1,13,177,40,963,242,14.66,82,3-High,9th Grade,12th Grade
DEPTFORD TWP HIGH SCHOOL,GLOUCESTER,1-Regular school,3403900,1070,274,274,243,259,552,518,3,50,251,61,703,248,14.02,76.3,3-High,9th Grade,12th Grade
DEVEL L C  HAMILTON SHCOOL,UNION,2-Special education school,3400005,71,0,0,2,2,61,10,0,2,29,16,24,11,4.23,16.8,4-Other,Prekindergarten,12th Grade
DEVEL L C  NEW PROVIDENCE,UNION,2-Special education school,3400005,86,5,4,5,10,66,20,0,6,26,8,45,4,3.91,22,4-Other,3rd Grade,12th Grade
DEVEL L C  WARREN,SOMERSET,2-Special education school,3400005,164,1,6,3,8,133,31,2,19,11,20,111,8,3.4,48.2,4-Other,Prekindergarten,12th Grade
DOVER HIGH SCHOOL,MORRIS,1-Regular school,3403930,868,242,225,176,193,451,417,0,21,71,644,131,442,12.67,68.5,3-High,9th Grade,12th Grade
DOVES,BURLINGTON,4-Alternative/other school,3400089,10,3,4,2,1,0,10,0,0,8,1,1,0,1.67,6,3-High,9th Grade,12th Grade
DR RONALD MC NAIR ACADEMY HIGH SCHOOL,HUDSON,1-Regular school,3407830,694,183,180,175,156,289,405,8,223,129,160,159,237,16.14,43,3-High,9th Grade,12th Grade
DUMONT HIGH SCHOOL,BERGEN,1-Regular school,3403990,895,220,250,202,212,432,463,5,94,21,165,580,62,13.81,64.8,3-High,9th Grade,12th Grade
DUNELLEN HIGH SCHOOL,MIDDLESEX,1-Regular school,3404020,300,79,77,73,71,161,139,0,10,28,89,164,70,17.65,17,3-High,9th Grade,12th Grade
DWIGHT MORROW HIGH SCHOOL,BERGEN,1-Regular school,3404740,994,283,256,230,225,515,479,2,169,429,299,79,413,11.48,86.6,3-High,9th Grade,12th Grade
E S C SCHOOL,HUNTERDON,2-Special education school,3480360,62,1,0,1,1,46,16,0,0,46,11,5,50,4.25,14.6,4-Other,1st Grade,12th Grade
E S C TEWKSBURY,HUNTERDON,2-Special education school,3480360,5,0,1,3,1,3,2,0,0,2,1,2,0,5,1,3-High,10th Grade,12th Grade
EAST BRUNSWICK HIGH SCHOOL,MIDDLESEX,1-Regular school,3404110,2243,0,729,722,746,1142,1101,0,626,107,127,1383,151,15.31,146.5,3-High,10th Grade,12th Grade
EAST ORANGE CAMPUS HIGH SCHOOL,ESSEX,1-Regular school,3404230,1616,0,486,457,449,831,785,0,0,1522,94,0,825,13.1,123.4,3-High,10th Grade,12th Grade
EAST SIDE,ESSEX,1-Regular school,3411340,1250,322,259,283,257,676,574,0,14,186,632,418,804,15.06,83,3-High,9th Grade,12th Grade
EASTERN HIGH SCHOOL,CAMDEN,1-Regular school,3404380,1034,0,0,506,528,530,504,1,165,109,39,676,68,16.41,63,3-High,11th Grade,12th Grade
EDISON HIGH SCHOOL,MIDDLESEX,1-Regular school,3404500,1982,472,524,500,486,1029,953,3,579,258,317,821,302,13.58,146,3-High,9th Grade,12th Grade
EDNA MAHAN CORRECTIONAL FACILITY FOR WOMEN,HUNTERDON,4-Alternative/other school,3400088,8,1,0,3,4,0,8,0,0,3,1,2,0,1.6,5,3-High,9th Grade,12th Grade
EGG HARBOR TWP H S,ATLANTIC,1-Regular school,3404560,2546,615,648,648,626,1266,1280,1,332,308,508,1263,584,15.91,160,3-High,9th Grade,12th Grade
ELIZABETH HIGH SCHOOL,UNION,1-Regular school,3404590,687,219,172,166,130,275,412,0,28,102,456,101,449,11.45,60,3-High,9th Grade,12th Grade
EMERSON JR SR HIGH SCHOOL,BERGEN,1-Regular school,3404710,530,84,80,87,92,272,258,0,41,7,57,422,22,13.55,39.1,3-High,7th Grade,12th Grade
EMILY FISHER CS OF ADV  STUDIE,MERCER,1-Regular school,3400037,369,51,47,46,65,176,193,0,0,235,132,2,297,11.18,33,4-Other,5th Grade,12th Grade
ENHANCEMENT TECH PRG  LAKE,OCEAN,3-Vocational school,3480240,2,0,0,0,2,0,2,0,0,1,0,1,0,0.67,3,3-High,12th Grade,12th Grade
ESSEX CAMPUS ACADEMY,ESSEX,2-Special education school,3480300,9,1,2,3,2,7,2,0,0,9,0,0,3,3,3,3-High,8th Grade,12th Grade
ESSEX COUNTY  YOUTH HOUSE,ESSEX,4-Alternative/other school,3400089,140,39,52,32,10,134,6,1,0,117,19,3,0,10.77,13,3-High,7th Grade,12th Grade
ESSEX CTY V N 13TH ST NWK,ESSEX,3-Vocational school,3404800,635,161,138,131,92,279,356,0,9,291,330,2,500,10.95,58,3-High,9th Grade,12th Grade
ESSEX CTY VOCATIONAL  WEST CALDW,ESSEX,3-Vocational school,3404800,238,40,21,19,22,120,118,1,2,99,110,23,138,7.63,31.2,3-High,9th Grade,12th Grade
ESSEX CTY VOCATIONAL BLOOMFIELD,ESSEX,3-Vocational school,3404800,475,146,116,110,103,229,246,2,6,234,222,6,369,11.88,40,3-High,9th Grade,12th Grade
ESSEX HIGH SCHOOL,PASSAIC,2-Special education school,3480300,18,0,1,3,0,11,7,0,0,11,7,0,7,4.5,4,3-High,9th Grade,12th Grade
ESSEX RGC,ESSEX,4-Alternative/other school,3400089,14,6,4,3,1,14,0,0,0,13,1,0,0,3.5,4,3-High,9th Grade,12th Grade
EWING HIGH SCHOOL,MERCER,1-Regular school,3404920,1054,315,290,222,227,517,537,0,31,554,115,337,229,12.85,82,3-High,9th Grade,12th Grade
EWING RESIDENTIAL TREATMENT CENTER,MERCER,4-Alternative/other school,3400085,17,3,6,4,3,17,0,0,0,11,4,2,0,0,0,3-High,8th Grade,12th Grade
FAIR LAWN HIGH SCHOOL,BERGEN,1-Regular school,3404980,1573,365,397,368,403,807,766,2,174,40,220,1135,86,15.45,101.8,3-High,9th Grade,12th Grade
FAST TRACK SUCCESS ACADEMY,ESSEX,1-Regular school,3411340,213,8,39,57,67,0,0,0,0,0,0,0,130,0,0,4-Other,6th Grade,12th Grade
FLORENCE TWP MEM HIGH SCHOOL,BURLINGTON,1-Regular school,3405220,440,111,112,119,98,239,201,0,38,117,13,272,85,13.62,32.3,3-High,9th Grade,12th Grade
FORT LEE HIGH SCHOOL,BERGEN,1-Regular school,3405310,983,226,238,268,230,497,486,1,395,35,179,372,109,13.75,71.5,3-High,9th Grade,12th Grade
FRANKLIN TWP HIGH SCHOOL,SOMERSET,1-Regular school,3405490,2048,540,542,446,459,986,1062,2,233,972,386,451,547,13.64,150.2,3-High,9th Grade,12th Grade
FREEHOLD BOROUGH HIGH SCHOOL,MONMOUTH,1-Regular school,3405610,1519,410,364,357,343,742,777,1,147,125,252,972,163,18.48,82.2,3-High,9th Grade,12th Grade
FREEHOLD TWP HIGH SCHOOL,MONMOUTH,1-Regular school,3405610,2519,655,599,616,612,1154,1365,5,113,142,179,2062,102,21.1,119.4,3-High,9th Grade,12th Grade
FRESH START,MONMOUTH,4-Alternative/other school,3400089,10,1,2,5,2,10,0,0,0,6,4,0,0,2.5,4,3-High,9th Grade,12th Grade
GARDEN STATE CORRECTIONAL FACILITY,BURLINGTON,4-Alternative/other school,3400088,139,66,29,10,34,139,0,0,0,98,31,10,0,8.18,17,3-High,9th Grade,12th Grade
GARFIELD HIGH SCHOOL,BERGEN,1-Regular school,3405760,1114,255,288,248,248,553,561,1,16,101,538,453,608,14.32,77.8,3-High,9th Grade,12th Grade
GATEWAY REGIONAL HIGH SCHOOL,GLOUCESTER,1-Regular school,3405820,858,127,134,135,136,425,433,1,16,37,26,772,178,11.03,77.8,3-High,7th Grade,12th Grade
GEORGE W  HERLICH JUV  DET  CENTER,UNION,4-Alternative/other school,3400089,36,7,10,10,7,33,3,0,0,30,4,1,0,7.2,5,3-High,7th Grade,12th Grade
GLASSBORO HIGH SCHOOL,GLOUCESTER,1-Regular school,3405880,610,169,146,149,146,294,316,0,26,223,37,324,175,11.62,52.5,3-High,9th Grade,12th Grade
GLEN RIDGE HIGH SCHOOL,ESSEX,1-Regular school,3405940,805,148,135,115,124,399,406,0,45,51,25,683,0,14.58,55.2,3-High,7th Grade,12th Grade
GLEN ROCK HIGH SCHOOL,BERGEN,1-Regular school,3405970,726,171,170,202,183,366,360,1,91,5,30,598,5,12.52,58,3-High,9th Grade,12th Grade
GLOUCESTER CITY JR SR H,CAMDEN,1-Regular school,3406000,824,125,157,123,135,395,429,2,17,43,53,707,367,9.71,84.9,3-High,7th Grade,12th Grade
GLOUCESTER COUNTY INST TECH,GLOUCESTER,3-Vocational school,3406040,1136,609,31,258,238,553,583,4,16,70,43,956,136,13.94,81.5,4-Other,2nd Grade,12th Grade
GOVERNOR LIVINGSTON H S,UNION,1-Regular school,3401530,669,75,82,261,240,329,340,0,35,9,52,572,8,8.65,77.3,3-High,9th Grade,12th Grade
GREYSTONE PARK PSYCHIATRIC HOSPITAL,MORRIS,4-Alternative/other school,3400085,3,0,1,0,2,1,2,0,0,1,1,1,0,1.5,2,3-High,10th Grade,12th Grade
HACKENSACK HIGH SCHOOL,BERGEN,1-Regular school,3406270,1773,544,439,349,425,931,842,1,80,516,760,413,594,16.42,108,3-High,9th Grade,12th Grade
HACKETTSTOWN HIGH SCHOOL,WARREN,1-Regular school,3406300,928,220,234,208,266,479,449,8,37,13,79,785,79,17.71,52.4,3-High,9th Grade,12th Grade
HADDON HEIGHTS JR  SR HIGH SCHOOL,CAMDEN,1-Regular school,3406330,763,144,179,168,178,374,389,0,13,177,15,555,105,11.68,65.3,3-High,7th Grade,12th Grade
HADDON TWP HIGH SCHOOL,CAMDEN,1-Regular school,3406360,571,102,131,128,146,285,286,0,19,9,29,506,44,19.55,29.2,3-High,9th Grade,12th Grade
HADDONFIELD MEMORIAL HIGH SCHOOL,CAMDEN,1-Regular school,3406390,758,191,172,185,210,363,395,0,28,14,14,700,9,15.69,48.3,3-High,9th Grade,12th Grade
HAMILTON EAST  STEINERT,MERCER,1-Regular school,3406540,1532,353,387,398,362,759,773,2,54,70,118,1251,79,16.63,92.1,3-High,9th Grade,12th Grade
HAMILTON NORTH  NOTTINGHAM,MERCER,1-Regular school,3406540,1366,349,306,319,319,660,706,1,37,437,305,545,436,16.76,81.5,3-High,9th Grade,12th Grade
HAMILTON WEST  WATSON,MERCER,1-Regular school,3406540,1313,351,307,311,301,666,647,2,32,264,263,721,288,16.07,81.7,3-High,9th Grade,12th Grade
HAMMONTON HIGH SCHOOL,ATLANTIC,1-Regular school,3406570,1408,358,344,333,309,743,665,1,7,58,169,1160,288,16.82,83.7,3-High,9th Grade,12th Grade
HANOVER PARK HIGH SCHOOL,MORRIS,1-Regular school,3406660,797,202,216,177,202,404,393,0,87,19,33,658,13,14.44,55.2,3-High,9th Grade,12th Grade
HARP HEALTH& RELATED PROF ACADEMY,PASSAIC,1-Regular school,3412690,0,0,0,0,0,0,0,0,0,0,0,0,0,0,31,3-High,9th Grade,12th Grade
HARRISON HIGH SCHOOL,HUDSON,1-Regular school,3406870,624,133,164,159,158,335,289,0,24,11,399,190,348,12.12,51.5,3-High,9th Grade,12th Grade
HASBROUCK HEIGHTS HIGH SCHOOL,BERGEN,1-Regular school,3406930,481,128,136,114,103,264,217,0,77,21,99,284,32,12.86,37.4,3-High,9th Grade,12th Grade
HAWTHORNE HIGH SCHOOL,PASSAIC,1-Regular school,3406990,705,183,175,161,174,372,333,0,14,20,144,527,84,16.87,41.8,3-High,9th Grade,12th Grade
HENRY HUDSON REGIONAL SCHOOL,MONMOUTH,1-Regular school,3407050,401,66,74,62,79,211,190,0,8,19,21,350,90,11.23,35.7,3-High,7th Grade,12th Grade
HENRY P BECTON REGIONAL H S,BERGEN,1-Regular school,3402800,488,127,126,116,119,244,244,1,35,28,128,293,85,14.35,34,3-High,9th Grade,12th Grade
HENRY SNYDER,HUDSON,1-Regular school,3407830,1103,420,284,185,214,575,528,4,40,805,204,36,741,14.91,74,3-High,9th Grade,12th Grade
HIGH POINT REGIONAL H S,SUSSEX,1-Regular school,3407140,1132,250,256,317,285,551,581,1,14,15,44,1058,86,11.88,95.3,3-High,9th Grade,12th Grade
HIGH SCHOOL OF INFO TECH,PASSAIC,1-Regular school,3412690,578,187,158,100,103,317,261,0,3,211,361,3,394,10.91,53,3-High,9th Grade,12th Grade
HIGH TECH HIGH SCHOOL,HUDSON,3-Vocational school,3407570,598,148,155,143,152,274,324,1,99,58,233,200,138,10.33,57.9,3-High,9th Grade,12th Grade
HIGH TECHNOLOGY HIGH SCHOOL,MONMOUTH,3-Vocational school,3417500,268,71,69,70,58,165,103,0,121,2,4,140,2,11.17,24,3-High,9th Grade,12th Grade
HIGH SCHOOLLAND HIGH SCHOOL,CAMDEN,1-Regular school,3401770,1133,291,264,260,300,588,545,2,60,286,79,696,205,19.4,58.4,3-High,9th Grade,12th Grade
HIGH SCHOOLLAND PARK HIGH SCHOOL,MIDDLESEX,1-Regular school,3407170,413,103,108,99,96,210,203,1,66,66,69,198,70,15.07,27.4,3-High,9th Grade,12th Grade
HIGH SCHOOLTSTOWN HIGH SCHOOL,MERCER,1-Regular school,3404320,1346,363,362,311,291,713,633,0,195,171,325,653,250,12.76,105.5,3-High,9th Grade,12th Grade
HILLCREST ACADEMY  NORTH,UNION,1-Regular school,3416400,60,7,11,25,17,36,24,0,0,31,27,2,39,8,7.5,3-High,9th Grade,12th Grade
HILLCREST ACADEMY  SOUTH,UNION,1-Regular school,3416400,64,1,22,22,19,32,32,0,0,38,24,2,42,8,8,3-High,9th Grade,12th Grade
HILLSBOROUGH HIGH SCHOOL,SOMERSET,1-Regular school,3407230,2419,604,590,638,563,1257,1162,0,268,121,156,1867,103,16.12,150.1,3-High,9th Grade,12th Grade
HILLSIDE HIGH SCHOOL,UNION,1-Regular school,3407290,916,211,232,181,158,489,427,0,17,642,166,91,327,12.18,75.2,3-High,9th Grade,12th Grade
HOBOKEN CS,HUDSON,1-Regular school,3400032,274,23,20,18,17,137,137,0,8,47,92,117,27,9.13,30,4-Other,Kindergarten,12th Grade
HOBOKEN HIGH SCHOOL,HUDSON,1-Regular school,3407350,674,131,149,145,150,383,291,0,10,139,421,104,414,16.85,40,3-High,8th Grade,12th Grade
HOLMDEL HIGH SCHOOL,MONMOUTH,1-Regular school,3407410,808,15,242,277,265,417,391,0,182,6,47,542,6,11.71,69,3-High,9th Grade,12th Grade
HOPATCONG HIGH SCHOOL,SUSSEX,1-Regular school,3407440,715,147,169,168,183,379,336,1,12,23,109,570,105,16.44,43.5,3-High,9th Grade,12th Grade
HOWELL HIGH SCHOOL,MONMOUTH,1-Regular school,3405610,2259,449,576,605,612,1115,1144,2,59,98,109,1987,52,16.39,137.8,3-High,9th Grade,12th Grade
HIGH SCHOOL GOVERN & PUBLIC ADMIN,PASSAIC,1-Regular school,3412690,583,185,143,109,109,313,270,1,0,188,388,6,419,10.8,54,3-High,9th Grade,12th Grade
HIGH SCHOOL HOSPITALITY TOUR & CULINARY ARTS,PASSAIC,1-Regular school,3412690,603,171,174,92,129,300,303,2,1,218,378,4,410,11.82,51,3-High,9th Grade,12th Grade
HUDSON COUNTY  YOUTH HOUSE,HUDSON,4-Alternative/other school,3400089,31,10,11,3,6,31,0,0,0,20,11,0,0,6.2,5,3-High,7th Grade,12th Grade
HUNTERDON CENTRAL HIGH SCHOOL,HUNTERDON,1-Regular school,3407590,2891,742,760,722,667,1504,1387,3,145,82,143,2514,112,13.45,214.9,3-High,9th Grade,12th Grade
INDEPENDENCE HIGH SCHOOL,ESSEX,4-Alternative/other school,3400085,29,8,8,10,3,15,14,0,0,24,5,0,0,4.83,6,3-High,9th Grade,12th Grade
INDIAN HILLS HIGH SCHOOL,BERGEN,1-Regular school,3413560,1181,304,309,278,290,548,633,1,37,17,34,1089,18,13.37,88.3,3-High,9th Grade,12th Grade
INST OF TECH  MEDFORD CAMP,BURLINGTON,3-Vocational school,3402490,805,211,222,184,188,446,359,4,7,191,75,508,199,14,57.5,4-Other,4th Grade,12th Grade
INST OF TECH  WESTAMPTON,BURLINGTON,3-Vocational school,3402490,1182,325,331,278,248,539,643,7,18,676,114,327,355,15.76,75,4-Other,1st Grade,12th Grade
INTEGRITY INC,MERCER,4-Alternative/other school,3400089,11,1,2,6,2,11,0,0,0,9,1,1,0,5.5,2,3-High,9th Grade,12th Grade
INTERNATIONAL HIGH SCHOOL,PASSAIC,1-Regular school,3412690,354,88,110,90,66,135,219,0,4,101,235,14,239,9.57,37,3-High,9th Grade,12th Grade
IRVINGTON HIGH SCHOOL,ESSEX,1-Regular school,3407680,1465,435,340,307,276,812,653,0,1,1371,91,2,670,12.96,113,3-High,9th Grade,12th Grade
ISLES COMMUNITY CAR,MERCER,4-Alternative/other school,3400089,19,1,6,8,4,19,0,0,0,19,0,0,0,19,1,3-High,9th Grade,12th Grade
J P STEVENS HIGH SCHOOL,MIDDLESEX,1-Regular school,3404500,2244,541,582,533,588,1117,1127,1,1437,187,92,524,187,15.54,144.4,3-High,9th Grade,12th Grade
JACKSON CENTER,OCEAN,3-Vocational school,3411980,106,0,10,44,52,101,5,0,0,2,7,96,15,8.83,12,3-High,10th Grade,12th Grade
JACKSON LIBERTY HIGH SCHOOL,OCEAN,1-Regular school,3407740,1390,337,340,349,358,721,669,0,48,108,133,1098,178,15.44,90,3-High,9th Grade,12th Grade
JACKSON MEMORIAL HIGH SCHOOL,OCEAN,1-Regular school,3407740,1758,435,413,449,405,910,848,1,43,132,73,1502,139,15.7,112,3-High,9th Grade,12th Grade
JAMES CALDWELL HIGH SCHOOL,ESSEX,1-Regular school,3402580,811,201,191,207,212,395,416,0,46,19,61,685,6,14.8,54.8,3-High,9th Grade,12th Grade
JAMES J FERRIS,HUDSON,1-Regular school,3407830,1622,549,422,312,339,854,768,0,241,444,844,93,873,16.06,101,3-High,9th Grade,12th Grade
JEFFERSON TWP H,MORRIS,1-Regular school,3407800,1108,266,265,241,245,565,543,0,47,21,88,950,0,14.58,76,3-High,9th Grade,12th Grade
JOHN E DWYER TECH ACADEMY,UNION,1-Regular school,3404590,936,311,281,171,126,627,309,0,23,221,647,45,768,10.4,90,3-High,9th Grade,12th Grade
JOHN F  KENNEDY HIGH SCHOOL,PASSAIC,1-Regular school,3412690,2058,660,563,345,399,1053,1005,2,89,606,1206,138,1456,10.24,201,3-High,9th Grade,12th Grade
JOHN F KENNEDY MEM H,MIDDLESEX,1-Regular school,3418120,1355,359,341,315,318,686,669,2,431,153,257,510,325,14.45,93.8,3-High,9th Grade,12th Grade
JONATHAN DAYTON HIGH SCHOOL,UNION,1-Regular school,3415630,561,150,119,136,141,298,263,0,40,58,48,413,30,12.93,43.4,3-High,9th Grade,12th Grade
JRSR HIGH SCHOOL,BURLINGTON,2-Special education school,3402440,105,8,7,3,7,79,26,0,1,58,11,35,34,5.53,19,4-Other,1st Grade,12th Grade
JUVENILE FEMALE SECURE UNIT,BURLINGTON,4-Alternative/other school,3400089,22,9,6,2,4,0,22,0,0,16,5,1,0,2.75,8,3-High,7th Grade,12th Grade
JUVENILE MEDIUM SECURE FACILITY,BURLINGTON,4-Alternative/other school,3400089,117,16,42,40,14,117,0,0,0,95,14,8,0,3,39,3-High,7th Grade,12th Grade
KEANSBURG HIGH SCHOOL,MONMOUTH,1-Regular school,3407860,391,113,95,82,95,211,180,0,6,42,59,284,177,11.33,34.5,3-High,9th Grade,12th Grade
KEARNY HIGH SCHOOL,HUDSON,1-Regular school,3407890,1692,413,435,413,431,888,804,0,32,36,934,673,341,12.1,139.8,3-High,9th Grade,12th Grade
KEYPORT HIGH SCHOOL,MONMOUTH,1-Regular school,3407950,532,118,115,109,114,274,258,0,8,56,73,395,144,15.65,34,3-High,8th Grade,12th Grade
KINGSWAY REGIONAL HIGH SCHOOL,GLOUCESTER,1-Regular school,3407980,1491,447,306,350,369,779,712,1,61,207,51,1168,102,17.75,84,3-High,9th Grade,12th Grade
KINNELON HIGH SCHOOL,MORRIS,1-Regular school,3408040,530,6,168,170,186,243,287,0,4,5,11,491,4,10.19,52,3-High,9th Grade,12th Grade
KITTATINNY REGIONAL HIGH SCHOOL,SUSSEX,1-Regular school,3408060,1145,212,176,188,187,585,560,0,10,7,31,1094,31,13.52,84.7,3-High,7th Grade,12th Grade
LACEY TWP HIGH SCHOOL,OCEAN,1-Regular school,3408100,1399,356,354,327,318,713,686,0,17,17,40,1322,175,12.27,114,3-High,9th Grade,12th Grade
LAKELAND REGIONAL H,PASSAIC,1-Regular school,3408190,1183,282,280,221,289,621,562,12,48,19,80,1021,113,15.38,76.9,3-High,9th Grade,12th Grade
LAKEWOOD HIGH SCHOOL,OCEAN,1-Regular school,3408220,1120,286,283,274,229,565,555,1,5,351,632,131,858,14.66,76.4,3-High,9th Grade,12th Grade
LAW & PUBLIC SAFETY,MORRIS,3-Vocational school,3410720,62,23,14,12,13,31,31,0,4,0,5,53,0,62,1,3-High,9th Grade,12th Grade
LAWRENCE HIGH SCHOOL,MERCER,1-Regular school,3408400,1113,309,299,261,244,589,524,1,143,220,161,555,122,14.25,78.1,3-High,9th Grade,12th Grade
LEAP ACADEMY UNIVERSITY CS,CAMDEN,1-Regular school,3400078,835,116,60,64,59,376,459,0,9,383,434,1,633,14.65,57,4-Other,Kindergarten,12th Grade
LENAPE HIGH SCHOOL,BURLINGTON,1-Regular school,3408490,2016,502,485,473,482,1010,1006,1,144,342,84,1443,153,15.28,131.9,3-High,9th Grade,12th Grade
LENAPE VAL REGIONAL HIGH SCHOOL,SUSSEX,1-Regular school,3408500,825,183,201,208,214,438,387,0,25,16,55,729,58,13.44,61.4,3-High,9th Grade,12th Grade
LEONIA HIGH SCHOOL,BERGEN,1-Regular school,3408520,657,160,151,161,152,335,322,3,233,31,160,229,63,12.3,53.4,3-High,9th Grade,12th Grade
LIBERTY HIGH SCHOOL,HUDSON,1-Regular school,3407830,191,47,60,48,36,79,112,2,9,84,76,19,104,10.05,19,3-High,9th Grade,12th Grade
LINCOLN,HUDSON,1-Regular school,3407830,970,410,233,130,197,453,517,1,20,739,186,23,591,12.44,78,3-High,9th Grade,12th Grade
LINDEN HIGH SCHOOL,UNION,1-Regular school,3408610,1798,426,442,449,443,917,881,2,38,657,632,441,642,15.79,113.9,3-High,9th Grade,12th Grade
LINDENWOLD HIGH SCHOOL,CAMDEN,1-Regular school,3408640,536,167,135,119,115,274,262,0,8,294,117,112,272,11.48,46.7,3-High,9th Grade,12th Grade
LIVINGSTON SR  HIGH SCHOOL,ESSEX,1-Regular school,3408820,1742,463,430,398,451,906,836,2,410,55,72,1188,9,13.69,127.2,3-High,9th Grade,12th Grade
LODI ANNEX,BERGEN,2-Special education school,3400007,103,1,0,1,1,72,31,0,6,7,31,59,25,5.72,18,4-Other,1st Grade,12th Grade
LODI HIGH SCHOOL,BERGEN,1-Regular school,3408850,919,253,231,231,204,462,457,1,66,87,416,320,361,14.75,62.3,3-High,9th Grade,12th Grade
LONG BRANCH HIGH SCHOOL,MONMOUTH,1-Regular school,3408940,1101,251,287,266,247,578,523,1,15,339,418,328,692,11.12,99,3-High,9th Grade,12th Grade
LOWER CAPE MAY REGIONAL HIGH SCHOOL,CAPE MAY,1-Regular school,3409090,1063,245,288,236,258,576,487,1,5,53,68,933,266,16.46,64.6,3-High,9th Grade,12th Grade
LUMBERTON CAMPUS,BURLINGTON,2-Special education school,3402440,61,6,9,9,9,50,11,0,2,30,5,24,11,1.97,31,4-Other,Kindergarten,12th Grade
LYNDHURST HIGH SCHOOL,BERGEN,1-Regular school,3409210,693,181,148,197,167,369,324,2,31,15,183,458,88,14.44,48,3-High,9th Grade,12th Grade
M A T E S,OCEAN,3-Vocational school,3411980,226,63,65,54,44,127,99,0,16,1,9,197,6,10.76,21,3-High,9th Grade,12th Grade
MADISON HIGH SCHOOL,MORRIS,1-Regular school,3409240,795,209,175,205,206,395,400,1,49,26,73,640,44,13.95,57,3-High,9th Grade,12th Grade
MAHWAH HIGH SCHOOL,BERGEN,1-Regular school,3409330,1063,303,245,254,249,562,501,22,105,20,52,859,54,13.2,80.5,3-High,9th Grade,12th Grade
MAINLAND REGIONAL H S,ATLANTIC,1-Regular school,3409360,1550,402,369,368,368,800,750,0,86,116,122,1213,206,15.72,98.6,3-High,9th Grade,12th Grade
MALCOLM X SHABAZZ HIGH SCHOOL,ESSEX,1-Regular school,3411340,898,166,176,180,187,481,417,0,0,824,74,0,641,14.97,60,3-High,9th Grade,12th Grade
MANALAPAN HIGH SCHOOL,MONMOUTH,1-Regular school,3405610,1947,479,487,479,502,1013,934,5,116,47,96,1678,49,17.48,111.4,3-High,9th Grade,12th Grade
MANASQUAN HIGH SCHOOL,MONMOUTH,1-Regular school,3409420,986,266,225,251,223,493,493,0,6,19,76,884,81,16.16,61,3-High,9th Grade,12th Grade
MANCHESTER HIGH SCHOOL,OCEAN,1-Regular school,3409450,1168,293,264,297,286,605,563,2,32,201,137,785,213,14.64,79.8,3-High,9th Grade,12th Grade
MANCHESTER REGIONAL H,PASSAIC,1-Regular school,3412600,786,269,228,123,166,399,387,2,12,132,398,214,370,15.12,52,3-High,9th Grade,12th Grade
MANVILLE HIGH SCHOOL,SOMERSET,1-Regular school,3409630,403,96,94,106,96,199,204,0,11,18,115,259,77,14.82,27.2,3-High,9th Grade,12th Grade
MAPLE SHADE HIGH SCHOOL,BURLINGTON,1-Regular school,3409660,908,153,115,145,125,457,451,0,30,83,90,701,202,15.79,57.5,3-High,7th Grade,12th Grade
MARINE ACADEMY SCI & TECH,MONMOUTH,3-Vocational school,3417500,291,77,71,73,70,144,147,0,15,4,8,264,4,11.19,26,3-High,9th Grade,12th Grade
MARLBORO HIGH SCHOOL,MONMOUTH,1-Regular school,3405610,2052,510,490,497,545,1057,995,4,358,53,84,1541,28,18,114,3-High,9th Grade,12th Grade
MATAWAN REGIONAL HIGH SCHOOL,MONMOUTH,1-Regular school,3409750,1117,300,256,282,222,561,556,0,73,201,101,742,173,12.55,89,3-High,9th Grade,12th Grade
MATH SCIENCE&ENGINEERING,MORRIS,3-Vocational school,3410720,88,23,21,22,22,52,36,0,42,0,3,43,0,0,0,3-High,9th Grade,12th Grade
MCVS ASSUNPINK CENT,MERCER,3-Vocational school,3409950,164,30,21,49,56,95,69,0,7,63,32,59,38,12.91,12.7,3-High,9th Grade,12th Grade
MCVS PERFORMING ARTS,MERCER,3-Vocational school,3409950,0,0,0,0,0,0,0,0,0,0,0,0,0,0,0,3-High,9th Grade,12th Grade
MCVS SYPEK CENTER,MERCER,3-Vocational school,3409950,134,0,11,49,69,90,44,0,3,45,34,50,34,8.38,16,3-High,10th Grade,12th Grade
MDSX COUNTY VOCATIONAL ACD SCI  ENG,MIDDLESEX,3-Vocational school,3410080,154,42,38,36,38,90,64,0,76,3,7,66,0,11.85,13,3-High,9th Grade,12th Grade
MDSX COUNTY VOCATIONAL E BRUNSWICK,MIDDLESEX,3-Vocational school,3410080,626,168,159,109,82,369,257,3,2,81,135,398,134,10.26,61,3-High,9th Grade,12th Grade
MDSX COUNTY VOCATIONAL PERTH AMBOY,MIDDLESEX,3-Vocational school,3410080,299,81,77,73,68,174,125,0,4,30,216,49,140,14.24,21,3-High,9th Grade,12th Grade
MDSX COUNTY VOCATIONAL PISCATAWAY,MIDDLESEX,3-Vocational school,3410080,525,146,83,131,98,274,251,0,12,99,307,107,232,10.29,51,3-High,9th Grade,12th Grade
MDSX COUNTY VOCATIONAL WOODBRIDGE (HEALTH BIOMED),MIDDLESEX,3-Vocational school,3410080,165,48,49,34,34,54,111,0,93,9,31,32,21,8.68,19,3-High,8th Grade,12th Grade
MEMORIAL HIGH SCHOOL,HUDSON,1-Regular school,3417580,1711,492,427,430,344,852,859,0,14,14,1622,58,1043,12.67,135,3-High,9th Grade,12th Grade
MEMORIAL SR  HIGH SCHOOL,BERGEN,1-Regular school,3404660,744,185,168,194,197,377,367,0,81,72,236,353,158,18.6,40,3-High,9th Grade,12th Grade
MERCER COUNTY   YOUTH DET   CENTER,MERCER,4-Alternative/other school,3400089,29,14,6,4,1,26,3,0,0,24,5,0,0,14.5,2,3-High,7th Grade,12th Grade
MERCER ELEMENTARY SCHOOL,MERCER,2-Special education school,3480200,255,4,2,0,0,200,55,0,12,114,37,89,97,7.73,33,4-Other,2nd Grade,12th Grade
MERCER JR  SR HIGH SCHOOL,MERCER,2-Special education school,3480200,225,3,2,10,6,143,82,0,9,105,33,77,85,5.7,39.5,3-High,8th Grade,12th Grade
MET EAST HIGH SCHOOL,CAMDEN,1-Regular school,3402640,93,19,27,30,17,37,56,0,0,75,16,2,51,6.64,14,3-High,9th Grade,12th Grade
METUCHEN HIGH SCHOOL,MIDDLESEX,1-Regular school,3409990,602,145,145,128,124,282,320,0,64,38,33,467,37,14.51,41.5,3-High,9th Grade,12th Grade
MIDDLE TWP HIGH SCHOOL,CAPE MAY,1-Regular school,3410020,894,218,216,231,229,463,431,1,21,132,43,695,186,11.87,75.3,3-High,9th Grade,12th Grade
MIDDLESEX COUNTY  YOUTH CENTER,MIDDLESEX,4-Alternative/other school,3400089,67,12,15,14,19,60,7,0,1,29,21,16,0,13.4,5,3-High,8th Grade,12th Grade
MIDDLESEX COUNTY ACADEMY,MIDDLESEX,1-Regular school,3480180,19,4,7,5,1,14,5,0,3,7,6,3,9,5.94,3.2,4-Other,1st Grade,12th Grade
MIDDLESEX HIGH SCHOOL,MIDDLESEX,1-Regular school,3410050,662,143,173,157,189,344,318,0,43,42,155,421,91,12.95,51.1,3-High,9th Grade,12th Grade
MIDDLESEX REGIONAL SCHOOL,MIDDLESEX,4-Alternative/other school,3400085,31,8,5,3,2,6,25,0,0,17,4,10,0,4.43,7,4-Other,3rd Grade,12th Grade
MIDDLETOWN H S NORTH,MONMOUTH,1-Regular school,3410110,1605,378,423,408,386,839,766,2,31,36,101,1426,134,15.67,102.4,4-Other,5th Grade,12th Grade
MIDDLETOWN H S SOUTH,MONMOUTH,1-Regular school,3410110,1443,319,363,384,363,705,738,2,41,21,46,1331,60,16.98,85,4-Other,5th Grade,12th Grade
MIDLAND PARK HIGH SCHOOL,BERGEN,1-Regular school,3410140,414,65,75,70,57,0,0,0,0,0,0,0,1,12.62,32.8,3-High,7th Grade,12th Grade
MILLBURN SR HIGH SCHOOL,ESSEX,1-Regular school,3410200,1492,412,353,336,391,773,719,0,255,23,37,1171,10,13.97,106.8,3-High,9th Grade,12th Grade
MILLVILLE SENIOR HIGH SCHOOL,CUMBERLAND,1-Regular school,3410320,1114,0,251,450,413,550,564,6,6,300,150,651,439,12.08,92.2,3-High,10th Grade,12th Grade
MONMOUTH CTY VOCATIONAL TECH H S,MONMOUTH,3-Vocational school,3417500,44,0,3,19,22,26,18,0,0,5,3,36,10,1.26,35,3-High,10th Grade,12th Grade
MONMOUTH DAY,MONMOUTH,4-Alternative/other school,3400089,7,1,5,0,1,7,0,0,0,6,1,0,0,1.75,4,3-High,9th Grade,12th Grade
MONMOUTH REGIONAL HIGH SCHOOL,MONMOUTH,1-Regular school,3410440,1058,253,274,271,253,533,525,1,73,207,123,641,162,11.49,92.1,3-High,9th Grade,12th Grade
MONMOUTH TRANSITIONAL EDUCATION CENTER,MONMOUTH,4-Alternative/other school,3400085,12,1,6,1,4,0,12,0,0,7,2,3,0,0,0,3-High,9th Grade,12th Grade
MONROE TWP HIGH SCHOOL,MIDDLESEX,1-Regular school,3410500,1655,448,434,400,373,822,833,0,269,107,126,1151,77,11.87,139.4,3-High,9th Grade,12th Grade
MONTCLAIR HIGH SCHOOL,ESSEX,1-Regular school,3410560,1948,498,492,473,447,988,960,1,9,773,123,969,233,16.9,115.3,3-High,9th Grade,12th Grade
MONTGOMERY HIGH SCHOOL,SOMERSET,1-Regular school,3410590,1688,418,419,415,418,885,803,1,467,49,50,1121,26,16.14,104.6,3-High,9th Grade,12th Grade
MONTVILLE HIGH SCHOOL,MORRIS,1-Regular school,3410650,1365,357,328,349,331,704,661,3,282,24,55,997,6,14.07,97,3-High,9th Grade,12th Grade
MOORESTOWN HIGH SCHOOL,BURLINGTON,1-Regular school,3410710,1404,352,364,328,349,696,708,5,103,125,51,1112,87,14.08,99.7,3-High,9th Grade,12th Grade
MORRIS COUNTY  YOUTH CENTER,MORRIS,4-Alternative/other school,3400089,10,0,1,2,6,9,1,0,0,5,0,5,0,5,2,3-High,8th Grade,12th Grade
MORRIS COUNTY SCHOOL OF TECH,MORRIS,3-Vocational school,3410720,650,156,145,207,142,282,368,1,88,21,59,480,34,11.5,56.5,3-High,9th Grade,12th Grade
MORRIS HILLS HIGH SCHOOL,MORRIS,1-Regular school,3410740,1125,294,284,284,263,575,550,0,73,40,318,688,186,13.17,85.4,3-High,9th Grade,12th Grade
MORRIS KNOLLS HIGH SCHOOL,MORRIS,1-Regular school,3410740,1744,406,419,407,397,900,844,4,113,56,162,1391,78,14.66,119,3-High,9th Grade,12th Grade
MORRIS TRANSITIONAL EDUCATION CENTER,MORRIS,4-Alternative/other school,3400085,13,1,5,4,3,13,0,0,0,0,4,9,0,0,0,3-High,9th Grade,12th Grade
MORRISTOWN HIGH SCHOOL,MORRIS,1-Regular school,3410810,1482,376,393,358,355,781,701,0,70,210,310,891,249,14.75,100.5,3-High,9th Grade,12th Grade
MOUNTAIN LAKES HIGH SCHOOL,MORRIS,1-Regular school,3411010,689,161,175,185,159,353,336,0,46,13,18,606,4,12.09,57,3-High,9th Grade,12th Grade
MT  OLIVE HIGH SCHOOL,MORRIS,1-Regular school,3410980,1157,38,371,366,355,601,556,0,80,72,124,878,92,12,96.4,3-High,9th Grade,12th Grade
N A BLESHMAN REGIONAL DAY PARA,BERGEN,2-Special education school,3401450,76,0,1,1,2,37,39,0,4,11,23,38,10,4,19,4-Other,Prekindergarten,12th Grade
N BURL COUNTY REGIONAL HIGH SCHOOL,BURLINGTON,1-Regular school,3411700,1186,319,301,267,270,595,591,3,58,149,78,891,55,15.13,78.4,3-High,9th Grade,12th Grade
N J REGIONAL DAY  HAMILTON,MERCER,2-Special education school,3480200,42,1,0,0,1,33,9,0,0,14,6,21,11,5.68,7.4,4-Other,2nd Grade,12th Grade
N J REGIONAL DAY  PISCATAWAY,MIDDLESEX,2-Special education school,3480180,107,3,1,2,15,69,38,0,15,28,30,34,48,6.29,17,4-Other,5th Grade,12th Grade
N J REGIONAL DAY MILLBURN,ESSEX,2-Special education school,3401450,43,2,1,0,10,22,21,0,3,16,9,14,8,3.91,11,4-Other,3rd Grade,12th Grade
N VALLEY REGIONAL H DEMAREST,BERGEN,1-Regular school,3411760,1285,289,294,281,320,707,578,0,343,10,67,844,4,15.59,82.4,3-High,9th Grade,12th Grade
N VALLEY REGIONAL H OLD TAPPAN,BERGEN,1-Regular school,3411760,1402,370,323,350,341,741,661,0,396,7,71,911,7,15.44,90.8,3-High,9th Grade,12th Grade
N WARREN REGIONAL HIGH SCHOOL,WARREN,1-Regular school,3409550,1057,175,168,154,206,571,486,6,11,8,26,1005,56,15.08,70.1,3-High,7th Grade,12th Grade
NEPTUNE HIGH SCHOOL,MONMOUTH,1-Regular school,3411160,1299,298,336,303,330,674,625,0,16,806,138,321,514,14.6,89,3-High,9th Grade,12th Grade
NEW BRUNSWICK HIGH SCHOOL,MIDDLESEX,1-Regular school,3411220,1509,533,369,264,270,750,759,0,15,297,1183,14,972,17.49,86.3,3-High,9th Grade,12th Grade
NEW EGYPT HIGH SCHOOL,OCEAN,1-Regular school,3413230,588,148,145,127,158,307,281,1,3,21,18,544,60,15.76,37.3,3-High,9th Grade,12th Grade
NEW JERSEY TRAINING SCHOOL,MIDDLESEX,4-Alternative/other school,3400089,186,47,61,42,31,186,0,0,0,126,42,18,0,3.8,49,3-High,7th Grade,12th Grade
NEW LISBON DEVEL CENTER,BURLINGTON,4-Alternative/other school,3400085,2,0,0,1,1,2,0,0,0,2,0,0,0,1,2,3-High,11th Grade,12th Grade
NEW MILFORD HIGH SCHOOL,BERGEN,1-Regular school,3411280,657,168,171,168,150,327,330,0,110,22,109,372,34,16.14,40.7,3-High,9th Grade,12th Grade
NEW PROVIDENCE HIGH SCHOOL,UNION,1-Regular school,3411310,619,157,145,147,170,317,302,1,51,9,38,515,6,14.33,43.2,3-High,9th Grade,12th Grade
NEWARK INNOVATION ACADEMY,ESSEX,1-Regular school,3411340,339,51,63,88,137,0,0,0,0,0,0,0,167,169.5,2,3-High,9th Grade,12th Grade
NEWARK RENAISSANCE,MERCER,4-Alternative/other school,3400089,12,2,8,1,1,12,0,0,0,4,4,4,0,12,1,3-High,9th Grade,12th Grade
NEWARK VOCATIONAL H S,ESSEX,3-Vocational school,3411340,216,42,57,58,37,83,133,0,0,186,29,1,168,15.43,14,3-High,9th Grade,12th Grade
NEWTON HIGH SCHOOL,SUSSEX,1-Regular school,3411400,790,182,190,191,217,411,379,5,28,46,50,661,87,13.96,56.6,3-High,9th Grade,12th Grade
NO JERSEY DEVEL CENTER,PASSAIC,4-Alternative/other school,3400085,4,1,1,1,1,4,0,0,0,1,1,2,0,4,1,3-High,9th Grade,12th Grade
NORTH ARLINGTON HIGH SCHOOL,BERGEN,1-Regular school,3411430,479,124,119,123,113,254,225,0,23,3,103,349,62,12.25,39.1,3-High,9th Grade,12th Grade
NORTH BERGEN HIGH SCHOOL,HUDSON,1-Regular school,3411460,2630,698,614,545,551,1360,1270,0,118,36,2191,283,1251,17.76,148.1,3-High,9th Grade,12th Grade
NORTH BRUNSWICK TWP HIGH SCHOOL,MIDDLESEX,1-Regular school,3411490,1803,412,413,413,478,920,883,0,384,395,425,592,410,15.96,113,3-High,9th Grade,12th Grade
NORTH HUNTERDON REGIONAL HIGH SCHOOL,HUNTERDON,1-Regular school,3411610,1695,430,449,397,419,811,884,3,69,29,64,1530,17,14.84,114.2,3-High,9th Grade,12th Grade
NORTH PLAINFIELD H,SOMERSET,1-Regular school,3411640,1501,245,264,245,224,758,743,0,91,365,838,199,618,13.16,114.1,3-High,7th Grade,12th Grade
NORTH STAR ACADEMY  CS OF NEWARK,ESSEX,1-Regular school,3400024,1262,87,65,28,24,540,722,0,8,1078,171,4,704,11.45,110.2,4-Other,Kindergarten,12th Grade
NORTHERN HIGHLANDS REGIONAL H,BERGEN,1-Regular school,3411730,1312,318,325,360,309,662,650,1,152,11,58,1087,0,13.24,99.1,3-High,9th Grade,12th Grade
NORTHERN STATE PRISON,ESSEX,4-Alternative/other school,3400088,6,2,1,2,1,6,0,0,0,6,0,0,0,1,6,3-High,9th Grade,12th Grade
NUTLEY HIGH SCHOOL,ESSEX,1-Regular school,3411880,1271,304,332,272,290,596,675,0,143,16,163,949,75,14.59,87.1,3-High,9th Grade,12th Grade
NUVIEW ACADEMY,MIDDLESEX,2-Special education school,3480180,56,2,2,4,1,40,16,0,1,20,20,14,13,8.48,6.6,4-Other,Kindergarten,12th Grade
OAKCREST H S,ATLANTIC,1-Regular school,3406060,1412,326,346,347,353,701,711,2,74,333,234,758,420,14.35,98.4,3-High,9th Grade,12th Grade
OCEAN ACADEMY,CAPE MAY,2-Special education school,3402740,105,1,2,1,1,75,30,1,0,17,17,69,25,5.53,19,4-Other,Prekindergarten,12th Grade
OCEAN CENTER,OCEAN,3-Vocational school,3411980,71,0,6,35,30,55,16,0,3,6,4,58,12,8.88,8,3-High,10th Grade,12th Grade
OCEAN CITY HIGH SCHOOL,CAPE MAY,1-Regular school,3411970,1242,289,285,320,330,615,627,2,16,37,35,1150,118,12.75,97.4,3-High,9th Grade,12th Grade
OCEAN COUNTY   JUV   DET   CENTER,OCEAN,4-Alternative/other school,3400089,19,3,4,6,6,17,2,0,1,6,2,10,0,3.8,5,3-High,9th Grade,12th Grade
OCEAN RGC,OCEAN,4-Alternative/other school,3400089,20,7,7,4,2,20,0,0,0,15,3,1,0,5,4,3-High,9th Grade,12th Grade
OCEAN TWP HIGH SCHOOL,MONMOUTH,1-Regular school,3412060,1301,326,310,317,318,655,646,0,101,127,120,949,163,14.05,92.6,3-High,9th Grade,12th Grade
OCVTS  NAVY LAKEHRST CENTER,OCEAN,3-Vocational school,3411980,39,0,0,12,27,32,7,0,0,3,3,33,6,7.8,5,3-High,10th Grade,12th Grade
OLD BRIDGE HIGH SCHOOL,MIDDLESEX,1-Regular school,3409270,3052,710,789,754,790,1538,1514,2,512,250,328,1953,401,14.41,211.8,3-High,9th Grade,12th Grade
ORANGE HIGH SCHOOL,ESSEX,1-Regular school,3412270,780,58,285,194,187,420,360,0,1,678,97,3,321,12,65,3-High,9th Grade,12th Grade
OVERBROOK HIGH SCHOOL,CAMDEN,1-Regular school,3412990,786,201,143,148,190,386,400,3,36,186,69,485,264,11.96,65.7,3-High,9th Grade,12th Grade
PALISADES PARK JR  SR HIGH SCHOOL,BERGEN,1-Regular school,3412360,462,108,101,111,105,245,217,0,172,24,179,85,110,8.35,55.3,3-High,8th Grade,12th Grade
PALMYRA HIGH SCHOOL,BURLINGTON,1-Regular school,3412390,426,59,74,80,86,222,204,1,10,124,33,254,92,10.14,42,3-High,7th Grade,12th Grade
PANTHER,PASSAIC,1-Regular school,3412690,0,0,0,0,0,0,0,0,0,0,0,0,0,0,23,3-High,9th Grade,12th Grade
PARAMUS HIGH SCHOOL,BERGEN,1-Regular school,3412420,1348,307,323,334,335,689,659,0,379,14,106,847,31,16.87,79.9,3-High,9th Grade,12th Grade
PARK LAKE SCHOOL,MORRIS,2-Special education school,3480260,49,0,1,1,1,42,7,0,2,2,5,40,3,4.62,10.6,4-Other,Prekindergarten,12th Grade
PARK RIDGE HIGH SCHOOL,BERGEN,1-Regular school,3412450,587,105,98,91,71,295,292,0,49,10,45,482,14,13.31,44.1,3-High,7th Grade,12th Grade
PARSIPPANY HIGH SCHOOL,MORRIS,1-Regular school,3412480,1042,249,246,264,261,526,516,1,335,46,97,560,83,14.97,69.6,3-High,9th Grade,12th Grade
PARSIPPANY HILLS HIGH SCHOOL,MORRIS,1-Regular school,3412480,1130,274,279,296,268,571,559,1,365,33,106,617,63,14.05,80.4,3-High,9th Grade,12th Grade
PASCACK HILLS HIGH SCHOOL,BERGEN,1-Regular school,3412510,820,191,209,195,210,413,407,2,59,8,50,699,2,15.36,53.4,3-High,9th Grade,12th Grade
PASCACK VALLEY HIGH SCHOOL,BERGEN,1-Regular school,3412510,1230,334,310,290,287,610,620,2,85,8,48,1086,19,16.99,72.4,3-High,9th Grade,12th Grade
PASSAIC COUNTY TECH INSTITUTE,PASSAIC,3-Vocational school,3412630,3246,827,812,761,742,1594,1652,0,178,670,2062,327,1907,11.8,275,3-High,7th Grade,12th Grade
PASSAIC HIGH SCHOOL,PASSAIC,1-Regular school,3412540,2775,616,683,799,470,1336,1439,0,93,238,2418,25,1974,12.94,214.5,3-High,9th Grade,12th Grade
PASSAIC VALLEY HIGH SCHOOL,PASSAIC,1-Regular school,3412570,1274,325,335,293,321,644,630,0,51,23,299,884,141,13.38,95.2,3-High,9th Grade,12th Grade
PATERSON CS FOR SCI  TECH,PASSAIC,1-Regular school,3400087,733,75,77,78,80,324,409,0,0,346,343,42,459,14.1,52,4-Other,2nd Grade,12th Grade
PAULSBORO HIGH SCHOOL,GLOUCESTER,1-Regular school,3412720,557,100,114,85,108,294,263,2,5,273,39,235,239,9.77,57,3-High,7th Grade,12th Grade
PEMBERTON TWP HIGH SCHOOL,BURLINGTON,1-Regular school,3412810,1074,283,259,232,288,527,547,6,32,362,123,551,308,11.4,94.2,3-High,9th Grade,12th Grade
PENNS GROVE HIGH SCHOOL,SALEM,1-Regular school,3412840,577,164,154,116,143,304,273,0,3,252,117,205,292,10.91,52.9,3-High,9th Grade,12th Grade
PENNSAUKEN HIGH SCHOOL,CAMDEN,1-Regular school,3412870,1570,328,382,395,318,824,746,1,162,612,522,272,662,13.94,112.6,3-High,9th Grade,12th Grade
PENNSVILLE MEMORIAL H,SALEM,1-Regular school,3409120,486,110,114,115,135,257,229,1,7,5,12,456,79,11.85,41,3-High,9th Grade,12th Grade
PEQUANNOCK TWP HIGH SCHOOL,MORRIS,1-Regular school,3412900,721,177,147,182,215,372,349,0,9,5,32,674,21,13.4,53.8,3-High,9th Grade,12th Grade
PERFORMING ARTS ACADEMY,OCEAN,3-Vocational school,3411980,192,62,52,42,36,31,161,1,1,10,14,161,5,8.35,23,3-High,9th Grade,12th Grade
PERTH AMBOY HIGH SCHOOL,MIDDLESEX,1-Regular school,3412930,2539,678,622,543,537,1306,1233,0,9,149,2315,64,1234,18.03,140.8,3-High,9th Grade,12th Grade
PHILLIPSBURG HIGH SCHOOL,WARREN,1-Regular school,3412960,1638,426,369,401,397,834,804,1,65,149,149,1267,292,16.38,100,3-High,9th Grade,12th Grade
PINELANDS REGIONAL HIGH SCHOOL,OCEAN,1-Regular school,3413000,940,0,279,319,302,481,459,1,5,20,37,877,221,13.26,70.9,3-High,10th Grade,12th Grade
PISCATAWAY TWP HIGH SCHOOL,MIDDLESEX,1-Regular school,3413050,2226,524,578,558,518,1163,1063,2,521,872,331,492,308,15.43,144.3,3-High,9th Grade,12th Grade
PITMAN HIGH SCHOOL,GLOUCESTER,1-Regular school,3413080,412,86,115,104,96,185,227,0,0,3,7,398,38,12.56,32.8,4-Other,5th Grade,12th Grade
PLAINFIELD HIGH SCHOOL,UNION,1-Regular school,3413140,1392,370,343,306,287,725,667,1,3,797,581,7,809,12.54,111,3-High,9th Grade,12th Grade
PLEASANTVILLE H S,ATLANTIC,1-Regular school,3413200,796,205,228,191,172,404,392,13,96,319,179,87,508,8.75,91,3-High,9th Grade,12th Grade
POINT PLEASANT BCH HIGH SCHOOL,OCEAN,1-Regular school,3413320,509,191,118,111,89,214,206,1,9,5,24,379,12,18.99,26.8,3-High,9th Grade,12th Grade
POINT PLEASANT HIGH SCHOOL,OCEAN,1-Regular school,3413290,1017,253,243,245,264,492,525,1,4,5,29,975,52,15.2,66.9,3-High,9th Grade,12th Grade
POMPTON LAKES HIGH SCHOOL,PASSAIC,1-Regular school,3413350,540,62,170,148,160,286,254,0,23,11,73,432,31,12.16,44.4,3-High,9th Grade,12th Grade
PRINCETON HIGH SCHOOL,MERCER,1-Regular school,3413410,1420,350,368,354,334,717,703,2,251,95,112,949,73,13.76,103.2,3-High,9th Grade,12th Grade
PROG 1  HEARING IMPAIRED,BERGEN,2-Special education school,3401450,91,3,1,1,1,52,39,1,13,5,43,29,24,4.79,19,4-Other,Prekindergarten,12th Grade
PROG 2  MULTIPLY HANDICAPD,BERGEN,2-Special education school,3401450,67,7,1,1,5,41,26,0,3,6,19,39,9,9.57,7,4-Other,2nd Grade,12th Grade
PROG 3  EMOTIONALLY DISTUR,BERGEN,2-Special education school,3401450,149,3,5,2,8,115,34,1,5,27,60,56,38,4.52,33,4-Other,Prekindergarten,12th Grade
PROG 5  LIFE SKILLS,BERGEN,2-Special education school,3401450,67,1,1,3,11,41,26,0,9,6,19,33,10,4.79,14,4-Other,3rd Grade,12th Grade
PROG 6  AUTISTIC,BERGEN,2-Special education school,3401450,153,6,2,3,5,119,34,0,15,19,49,69,28,3.19,48,4-Other,Prekindergarten,12th Grade
PROJECT TEACH - ATLANTIC,ATLANTIC,4-Alternative/other school,3400085,0,0,0,0,0,0,0,0,0,0,0,0,0,0,0,3-High,9th Grade,12th Grade
PROJECT TEACH - BURLINGTON,ATLANTIC,4-Alternative/other school,3400085,10,1,1,4,3,0,10,0,0,8,1,1,0,0,0,3-High,8th Grade,12th Grade
PROJECT TEACH - CAPE MAY,CAPE MAY,4-Alternative/other school,3400085,0,0,0,0,0,0,0,0,0,0,0,0,0,0,0,3-High,9th Grade,12th Grade
PROJECT TEACH - MERCER,MERCER,4-Alternative/other school,3400085,13,3,3,2,5,0,13,0,0,11,2,0,0,0,0,3-High,9th Grade,12th Grade
PROJECT TEACH - MONMOUTH,MONMOUTH,4-Alternative/other school,3400085,0,0,0,0,0,0,0,0,0,0,0,0,0,0,0,3-High,9th Grade,12th Grade
PROJECT TEACH - WARREN,WARREN,4-Alternative/other school,3400085,0,0,0,0,0,0,0,0,0,0,0,0,0,0,0,3-High,9th Grade,12th Grade
RAHWAY HIGH SCHOOL,UNION,1-Regular school,3413530,1096,299,262,273,230,584,512,5,25,523,326,209,407,13.05,84,3-High,9th Grade,12th Grade
RAMAPO HIGH SCHOOL,BERGEN,1-Regular school,3413560,1145,285,288,242,330,575,570,0,72,13,28,1030,3,11.43,100.2,3-High,9th Grade,12th Grade
RAMSEY HIGH SCHOOL,BERGEN,1-Regular school,3413590,979,268,250,236,225,498,481,0,66,11,48,845,22,14.59,67.1,3-High,9th Grade,12th Grade
RANCOCAS VALLEY REGIONAL H,BURLINGTON,1-Regular school,3413620,2017,520,490,482,505,1049,968,6,105,585,137,1176,241,19.79,101.9,3-High,9th Grade,12th Grade
RANDOLPH HIGH SCHOOL,MORRIS,1-Regular school,3413650,1675,409,424,412,430,840,835,0,141,58,151,1323,50,13.88,120.7,3-High,9th Grade,12th Grade
RARITAN HIGH SCHOOL,MONMOUTH,1-Regular school,3413680,1044,262,271,247,264,522,522,0,32,20,77,915,76,14.28,73.1,3-High,9th Grade,12th Grade
RARITAN VALLEY ACADEMY,MIDDLESEX,2-Special education school,3480180,49,3,5,2,4,44,5,0,0,21,6,22,13,9.8,5,4-Other,2nd Grade,12th Grade
RED BANK REGIONAL HIGH SCHOOL,MONMOUTH,1-Regular school,3413750,1013,302,258,214,225,502,511,0,11,109,225,653,144,9.96,101.7,3-High,9th Grade,12th Grade
REGIONAL ALTERNATIVE SCHOOL,MONMOUTH,4-Alternative/other school,3480240,7,0,2,3,2,4,3,0,0,1,2,4,0,0.8,8.8,3-High,7th Grade,12th Grade
REGIONAL DAY SCHOOL,MORRIS,2-Special education school,3480260,53,1,2,2,4,34,19,1,3,13,9,27,5,4.42,12,4-Other,Prekindergarten,12th Grade
RIDGE HIGH SCHOOL,SOMERSET,1-Regular school,3401650,1729,442,426,438,399,878,851,5,263,18,62,1369,20,15.73,109.9,3-High,9th Grade,12th Grade
RIDGEFIELD MEMORIAL HIGH SCHOOL,BERGEN,1-Regular school,3413770,556,99,119,138,141,297,259,1,147,8,134,265,54,11.23,49.5,3-High,9th Grade,12th Grade
RIDGEFIELD PARK JR SR HIGH SCHOOL,BERGEN,1-Regular school,3413800,1143,155,222,210,238,606,537,0,106,78,537,409,296,14.08,81.2,3-High,7th Grade,12th Grade
RIDGEWOOD HIGH SCHOOL,BERGEN,1-Regular school,3413830,1668,437,416,398,417,829,839,0,317,29,88,1203,26,15.34,108.7,3-High,9th Grade,12th Grade
RIVER DELL REGIONAL H S,BERGEN,1-Regular school,3412260,1036,289,281,248,218,542,494,0,212,17,67,739,11,15.87,65.3,3-High,9th Grade,12th Grade
RIVERSIDE HIGH SCHOOL,BURLINGTON,1-Regular school,3414010,449,130,107,114,98,252,197,2,2,38,53,349,116,14.58,30.8,3-High,9th Grade,12th Grade
ROBBINSVILLE HIGH SCHOOL,MERCER,1-Regular school,3417100,807,220,216,207,164,407,400,0,64,25,31,683,12,16.24,49.7,3-High,9th Grade,12th Grade
ROSA PARKS ARTS HIGH SCHOOL,PASSAIC,1-Regular school,3412690,234,60,68,54,52,79,155,0,2,123,105,4,175,8.36,28,3-High,9th Grade,12th Grade
ROSELLE PARK HIGH SCHOOL,UNION,1-Regular school,3414310,626,150,152,165,159,338,288,0,50,40,240,292,162,12.78,49,3-High,9th Grade,12th Grade
ROXBURY HIGH SCHOOL,MORRIS,1-Regular school,3414340,1499,363,394,339,403,788,711,0,77,55,139,1225,85,13.75,109,3-High,9th Grade,12th Grade
RUMSON FAIR HAVEN REGIONAL H,MONMOUTH,1-Regular school,3414400,954,250,240,243,221,463,491,1,13,13,29,897,6,14.15,67.4,3-High,9th Grade,12th Grade
RUTHERFORD HIGH SCHOOL,BERGEN,1-Regular school,3414460,749,202,182,178,178,381,368,0,131,18,130,469,6,11.68,64.1,3-High,9th Grade,12th Grade
S HUNTERDON REGIONAL HIGH SCHOOL,HUNTERDON,1-Regular school,3415300,352,54,47,52,73,180,172,0,7,10,18,316,23,11.5,30.6,3-High,7th Grade,12th Grade
SADDLE BROOK MID  HIGH SCHOOL,BERGEN,1-Regular school,3414490,786,151,115,135,112,398,388,1,77,32,125,549,85,15.44,50.9,3-High,7th Grade,12th Grade
SALEM COUNTY CAREER&TECH H S,SALEM,3-Vocational school,3414580,692,191,191,140,170,329,363,4,8,76,28,574,91,17.74,39,4-Other,4th Grade,12th Grade
SALEM HIGH SCHOOL,SALEM,1-Regular school,3414550,440,113,76,127,111,211,229,1,1,277,14,145,236,9.46,46.5,3-High,9th Grade,12th Grade
SCIENCE HIGH SCHOOL,ESSEX,1-Regular school,3411340,827,173,181,172,189,379,448,4,28,307,310,177,493,15.04,55,3-High,7th Grade,12th Grade
SCOTCH PLAINS FANWOOD HIGH SCHOOL,UNION,1-Regular school,3414670,1478,378,365,375,360,729,749,0,73,202,98,1096,53,16.05,92.1,3-High,9th Grade,12th Grade
SECAUCUS HIGH SCHOOL,HUDSON,1-Regular school,3414850,613,161,158,130,156,307,306,0,122,21,159,304,115,13.62,45,3-High,9th Grade,12th Grade
SENECA HIGH SCHOOL,BURLINGTON,1-Regular school,3408490,1363,335,302,302,347,671,692,3,13,21,27,1297,70,14.11,96.6,3-High,9th Grade,12th Grade
SHAWNEE HIGH SCHOOL,BURLINGTON,1-Regular school,3408490,1608,406,385,376,402,798,810,2,34,25,24,1523,45,16.05,100.2,3-High,9th Grade,12th Grade
SHORE REGIONAL HIGH SCHOOL,MONMOUTH,1-Regular school,3414940,677,167,180,168,162,332,345,0,2,4,34,631,18,13.82,49,3-High,9th Grade,12th Grade
SOMERSET COUNTY VOCATIONAL TECH HIGH SCHOOL,SOMERSET,3-Vocational school,3415060,325,78,73,72,63,164,161,1,37,41,77,165,62,6.8,47.8,3-High,9th Grade,12th Grade
SOMERSET ELEM ACADEMY,SOMERSET,2-Special education school,3480280,18,1,0,0,2,15,3,0,0,13,2,3,4,2.25,8,4-Other,1st Grade,12th Grade
SOMERSET SECONDARY ACADEMY,SOMERSET,2-Special education school,3480280,125,9,21,29,27,88,37,0,0,75,20,29,38,5.68,22,4-Other,5th Grade,12th Grade
SOMERVILLE HIGH SCHOOL,SOMERSET,1-Regular school,3415090,1251,337,310,290,314,646,605,0,101,110,176,857,127,16.5,75.8,3-High,9th Grade,12th Grade
SOUTH AMBOY HIGH SCHOOL,MIDDLESEX,1-Regular school,3415120,508,69,70,75,59,258,250,0,21,26,94,364,140,13.73,37,3-High,7th Grade,12th Grade
SOUTH BRUNSWICK HIGH SCHOOL,MIDDLESEX,1-Regular school,3415210,2139,42,675,734,673,1094,1045,0,722,210,138,1056,119,12.57,170.2,3-High,9th Grade,12th Grade
SOUTH PLAINFIELD HIGH SCHOOL,MIDDLESEX,1-Regular school,3415360,1192,279,308,294,303,600,592,1,98,144,232,691,165,14.72,81,3-High,9th Grade,12th Grade
SOUTH RIVER HIGH SCHOOL,MIDDLESEX,1-Regular school,3415390,672,184,158,158,172,348,324,0,19,56,153,430,160,14.42,46.6,3-High,9th Grade,12th Grade
SOUTHERN REGIONAL HIGH SCHOOL,OCEAN,1-Regular school,3415480,2023,514,509,463,477,1046,977,5,37,42,107,1831,229,14.99,135,3-High,9th Grade,12th Grade
SOUTHWOODS STATE PRISON,CUMBERLAND,4-Alternative/other school,3400088,12,0,0,4,8,12,0,0,0,6,4,2,0,0.75,16,3-High,11th Grade,12th Grade
SPARTA HIGH SCHOOL,SUSSEX,1-Regular school,3415510,1240,343,281,298,318,616,624,1,58,18,57,1106,17,13.76,90.1,3-High,9th Grade,12th Grade
SPECIAL CHILDRENS SCHOOL,SUSSEX,2-Special education school,3480320,11,0,0,0,4,3,8,0,0,0,1,10,0,1.75,6.3,4-Other,Prekindergarten,12th Grade
SPOTSWOOD HIGH SCHOOL,MIDDLESEX,1-Regular school,3415540,766,193,207,168,198,380,386,4,25,31,70,635,72,13.68,56,3-High,9th Grade,12th Grade
STERLING HIGH SCHOOL,CAMDEN,1-Regular school,3402880,980,197,231,245,243,525,455,3,47,172,50,704,162,15.34,63.9,3-High,9th Grade,12th Grade
SUMMIT SR HIGH SCHOOL,UNION,1-Regular school,3415900,1024,276,282,254,212,536,488,0,52,60,153,750,85,13.03,78.6,3-High,9th Grade,12th Grade
SUSSEX CTY TECH HIGH SCHOOL,SUSSEX,3-Vocational school,3415930,567,164,138,135,130,294,273,2,9,28,26,501,52,10.76,52.7,3-High,9th Grade,12th Grade
T A EDISON CAREER TECH ACADEMY,UNION,1-Regular school,3404590,718,249,147,133,145,385,333,0,9,170,506,33,560,10.88,66,3-High,9th Grade,12th Grade
T JEFFERSON ARTS ACADEMY,UNION,1-Regular school,3404590,891,298,304,151,106,378,513,0,6,298,520,67,683,13.1,68,3-High,9th Grade,12th Grade
TEAM ACADEMY CHARTER SCHOOL,ESSEX,1-Regular school,3400070,1277,148,73,68,55,557,720,0,0,1208,67,2,877,15.2,84,4-Other,Kindergarten,12th Grade
TEANECK SR HIGH SCHOOL,BERGEN,1-Regular school,3416080,1348,334,316,365,333,698,650,4,144,650,352,182,249,13.32,101.2,3-High,9th Grade,12th Grade
TECHNICAL SCHOOL  PARAMUS,BERGEN,3-Vocational school,3401470,152,93,24,21,14,92,60,0,3,22,47,80,32,8.94,17,3-High,9th Grade,12th Grade
TECHNICAL SCHOOL  TETERBORO,BERGEN,3-Vocational school,3401470,643,155,158,175,155,298,345,1,172,23,127,309,38,10.21,63,4-Other,6th Grade,12th Grade
TECHNOLOGY HIGH SCHOOL,ESSEX,1-Regular school,3411340,485,126,130,112,107,230,255,1,10,150,283,41,390,12.76,38,3-High,9th Grade,12th Grade
TENAFLY HIGH SCHOOL,BERGEN,1-Regular school,3416110,1239,279,332,325,303,650,589,0,443,19,50,723,15,14.32,86.5,3-High,9th Grade,12th Grade
TIMBER CREEK HIGH SCHOOL,CAMDEN,1-Regular school,3401770,1437,354,350,329,375,756,681,1,61,445,62,866,185,18.86,76.2,3-High,9th Grade,12th Grade
TOMS RIVER CENTER,OCEAN,3-Vocational school,3411980,146,0,6,53,87,67,79,0,4,7,14,121,15,6.95,21,3-High,10th Grade,12th Grade
TOMS RIVER HIGH EAST,OCEAN,1-Regular school,3416230,1609,398,419,390,357,769,840,2,40,35,96,1429,189,13.32,120.8,3-High,9th Grade,12th Grade
TOMS RIVER HIGH NORTH,OCEAN,1-Regular school,3416230,2242,560,584,505,506,1158,1084,3,129,104,190,1801,303,14.97,149.8,3-High,9th Grade,12th Grade
TOMS RIVER HIGH SOUTH,OCEAN,1-Regular school,3416230,1445,359,381,334,331,742,703,2,33,103,124,1174,223,13.87,104.2,3-High,9th Grade,12th Grade
TRENTON CENTRAL HIGH SCHOOL,MERCER,1-Regular school,3416290,1400,200,515,386,299,685,715,0,26,796,556,21,596,12.39,113,4-Other,5th Grade,12th Grade
TRENTON CENTRAL HIGH SCHOOL WEST,MERCER,1-Regular school,3416290,448,48,174,122,104,185,263,0,1,363,75,9,169,9.14,49,4-Other,5th Grade,12th Grade
TRENTON PSYCHIATRIC HOSPITAL,MERCER,4-Alternative/other school,3400085,1,0,0,0,1,0,1,0,0,1,0,0,0,0.5,2,3-High,12th Grade,12th Grade
TRITON HIGH SCHOOL,CAMDEN,1-Regular school,3401770,1560,378,417,377,366,794,766,7,82,107,92,1270,268,19.6,79.6,3-High,9th Grade,12th Grade
UNION CITY HIGH SCHOOL,HUDSON,1-Regular school,3416380,2428,196,723,631,565,1289,1139,0,27,25,2324,50,1974,16.93,143.4,3-High,9th Grade,12th Grade
UNION CTY VOCATIONAL TECH,UNION,3-Vocational school,3418040,408,127,127,89,57,183,225,0,28,135,115,126,131,11.83,34.5,3-High,9th Grade,12th Grade
UNION SENIOR HIGH SCHOOL,UNION,1-Regular school,3416500,2358,555,613,570,620,1249,1109,0,237,1097,396,616,564,15.21,155,3-High,9th Grade,12th Grade
UNIVERSITY ACADEMY CS,HUDSON,1-Regular school,3400073,430,113,113,107,97,216,214,0,28,268,125,8,177,13.87,31,3-High,9th Grade,12th Grade
UNIVERSITY HIGH SCHOOL,ESSEX,1-Regular school,3411340,479,113,110,103,112,185,294,0,6,397,69,7,330,13.31,36,3-High,7th Grade,12th Grade
VERNON TWP HIGH SCHOOL,SUSSEX,1-Regular school,3416710,1114,17,346,350,390,583,531,2,19,19,67,1007,83,12.11,92,3-High,9th Grade,12th Grade
VERONA HIGH SCHOOL,ESSEX,1-Regular school,3416740,609,162,147,151,149,312,297,2,32,13,41,519,0,14.16,43,3-High,9th Grade,12th Grade
VINELAND CHILDRENS RESIDENTIAL CENTER,CUMBERLAND,4-Alternative/other school,3400085,24,7,8,5,1,14,10,0,0,12,6,6,0,0,0,3-High,8th Grade,12th Grade
VINELAND HIGH SCHOOL,CUMBERLAND,1-Regular school,3416800,2559,703,636,533,530,1324,1235,11,52,528,1107,850,689,13.29,192.6,3-High,9th Grade,12th Grade
VISION QUEST PATHFINDER,BURLINGTON,4-Alternative/other school,3400085,50,13,14,10,5,30,20,0,0,28,12,10,0,5.56,9,4-Other,6th Grade,12th Grade
VOCATIONAL  PARAMUS  SP NEED,BERGEN,2-Special education school,3401470,210,4,77,65,59,134,76,0,9,26,79,96,0,7.24,29,3-High,9th Grade,12th Grade
VOORHEES HIGH SCHOOL,HUNTERDON,1-Regular school,3411610,1050,291,283,234,242,510,540,1,36,15,48,945,42,13.55,77.5,3-High,9th Grade,12th Grade
VOORHEES RGC,HUNTERDON,4-Alternative/other school,3400089,24,5,8,6,4,24,0,0,0,16,8,0,0,8,3,3-High,8th Grade,12th Grade
WALDWICK HIGH SCHOOL,BERGEN,1-Regular school,3416860,446,122,103,118,103,238,208,0,23,9,44,370,5,16.04,27.8,3-High,9th Grade,12th Grade
WALL HIGH SCHOOL,MONMOUTH,1-Regular school,3416890,1339,311,312,350,355,721,618,2,15,28,44,1237,105,15.32,87.4,3-High,9th Grade,12th Grade
WALLINGTON JR SR HIGH SCHOOL,BERGEN,1-Regular school,3416920,549,80,92,93,89,297,252,1,31,14,91,412,86,14.72,37.3,3-High,7th Grade,12th Grade
WALLKILL VALLEY REGIONAL H S,SUSSEX,1-Regular school,3416870,780,201,195,184,200,400,380,1,19,22,64,674,70,13.71,56.9,3-High,9th Grade,12th Grade
WAR MEMORIAL HIGH SCHOOL,MIDDLESEX,1-Regular school,3414640,1734,458,439,432,405,898,836,3,258,278,291,879,336,16.82,103.1,3-High,9th Grade,12th Grade
WARREN COUNTY SPEC SER SCHOOL,WARREN,2-Special education school,3480362,24,0,1,1,1,21,3,0,2,2,2,18,6,2.64,9.1,4-Other,1st Grade,12th Grade
WARREN CTY VOCATIONAL & TECH INS,WARREN,3-Vocational school,3417920,318,92,85,60,81,191,127,0,0,5,21,292,54,8.59,37,3-High,9th Grade,12th Grade
WARREN HILLS REGIONAL HIGH SCHOOL,WARREN,1-Regular school,3416970,1276,272,306,331,315,639,637,1,31,64,99,1075,131,17.1,74.6,3-High,9th Grade,12th Grade
WARREN RGC,WARREN,4-Alternative/other school,3400089,12,3,2,2,5,12,0,0,0,8,4,0,0,2.4,5,3-High,9th Grade,12th Grade
WARREN TRANSITIONAL EDUCATIONAL CENTER,WARREN,4-Alternative/other school,3400085,4,2,0,0,2,0,4,0,0,0,0,4,0,1,4,3-High,9th Grade,12th Grade
WASHINGTON TWP H S,GLOUCESTER,1-Regular school,3417070,2688,556,582,623,580,0,0,0,0,0,0,0,120,14.25,188.6,3-High,9th Grade,12th Grade
WATCHUNG HILLS REGIONAL H,SOMERSET,1-Regular school,3417220,2065,546,534,466,519,1075,990,1,292,43,142,1565,28,14.77,139.8,3-High,9th Grade,12th Grade
WAYNE HILLS HIGH SCHOOL,PASSAIC,1-Regular school,3417280,1333,344,330,306,335,684,649,0,144,22,94,1071,49,12.89,103.4,3-High,9th Grade,12th Grade
WAYNE VALLEY HIGH SCHOOL,PASSAIC,1-Regular school,3417280,1489,366,387,362,365,773,716,1,96,19,123,1246,76,13.49,110.4,3-High,9th Grade,12th Grade
WEEHAWKEN HIGH SCHOOL,HUDSON,1-Regular school,3417310,518,105,80,66,64,256,262,0,14,23,350,127,235,12.57,41.2,3-High,7th Grade,12th Grade
WEEQUAHIC,ESSEX,1-Regular school,3411340,654,113,164,146,134,332,322,0,0,643,11,0,504,11.68,56,3-High,9th Grade,12th Grade
WEST DEPTFORD HIGH SCHOOL,GLOUCESTER,1-Regular school,3417430,907,207,239,226,235,507,400,0,15,67,37,762,136,14.68,61.8,3-High,9th Grade,12th Grade
WEST ESSEX HIGH SCHOOL,ESSEX,1-Regular school,3417460,1025,267,246,240,260,511,514,0,40,8,51,926,20,12.52,81.9,3-High,9th Grade,12th Grade
WEST MARKET STREET CENTER,ESSEX,3-Vocational school,3404800,723,204,184,170,165,332,391,2,5,467,244,5,550,12.91,56,4-Other,1st Grade,12th Grade
WEST MILFORD HIGH SCHOOL,PASSAIC,1-Regular school,3417520,1292,305,309,322,344,652,640,2,10,22,47,1210,49,16.63,77.7,3-High,9th Grade,12th Grade
WEST MORRIS CENTRAL HIGH SCHOOL,MORRIS,1-Regular school,3417550,1417,356,347,341,373,688,729,2,52,20,81,1256,20,14.76,96,3-High,9th Grade,12th Grade
WEST MORRIS MENDHAM HIGH SCHOOL,MORRIS,1-Regular school,3417550,1325,330,375,310,310,687,638,6,32,7,31,1242,14,15.48,85.6,3-High,9th Grade,12th Grade
WEST ORANGE HIGH SCHOOL,ESSEX,1-Regular school,3417610,2143,592,525,505,427,1084,1059,0,141,1009,477,514,670,12.99,165,3-High,9th Grade,12th Grade
WEST SIDE HIGH SCHOOL,ESSEX,1-Regular school,3411340,965,150,222,230,223,462,503,0,0,919,45,0,690,14.09,68.5,3-High,9th Grade,12th Grade
WESTFIELD SENIOR HIGH SCHOOL,UNION,1-Regular school,3417760,1839,474,456,457,452,914,925,0,117,68,67,1587,28,16.6,110.8,3-High,9th Grade,12th Grade
WESTWOOD JUNIOR  SENIOR HIGH SCHOOL,BERGEN,1-Regular school,3417820,973,181,186,191,196,482,491,0,62,40,94,770,39,12.7,76.6,3-High,8th Grade,12th Grade
WHIPPANY PARK HIGH SCHOOL,MORRIS,1-Regular school,3406660,624,168,168,140,148,312,312,0,82,9,17,516,8,14.05,44.4,3-High,9th Grade,12th Grade
WILDWOOD HIGH SCHOOL,CAPE MAY,1-Regular school,3417940,289,73,66,81,57,160,129,0,4,46,101,138,148,10.1,28.6,3-High,9th Grade,12th Grade
WILLIAM L DICKINSON,HUDSON,1-Regular school,3407830,2377,775,551,513,538,1278,1099,27,532,409,1084,300,1400,15.74,151,3-High,9th Grade,12th Grade
WILLIAMSTOWN HIGH SCHOOL,GLOUCESTER,1-Regular school,3410470,1828,509,459,413,435,937,891,4,39,438,79,1267,370,16.56,110.4,3-High,9th Grade,12th Grade
WILLINGBORO HIGH SCHOOL,BURLINGTON,1-Regular school,3418000,928,218,234,251,179,481,447,1,7,855,47,17,359,14.92,62.2,3-High,9th Grade,12th Grade
WINSLOW TWP HIGH SCHOOL,CAMDEN,1-Regular school,3418060,1503,456,295,349,364,749,754,3,38,909,152,399,470,13.89,108.2,3-High,9th Grade,12th Grade
WOOD  RIDGE HIGH SCHOOL,BERGEN,1-Regular school,3418300,310,39,73,117,81,151,159,1,11,2,58,236,41,10.44,29.7,3-High,9th Grade,12th Grade
WOODBRIDGE HIGH SCHOOL,MIDDLESEX,1-Regular school,3418120,1443,330,378,340,360,714,729,1,139,230,383,689,337,12.95,111.4,3-High,9th Grade,12th Grade
WOODBURY JR  SR HIGH SCHOOL,GLOUCESTER,1-Regular school,3418150,807,130,104,104,114,404,403,4,9,354,91,346,367,12.28,65.7,4-Other,6th Grade,12th Grade
WOODROW WILSON HIGH SCHOOL,CAMDEN,1-Regular school,3402640,969,195,202,204,163,529,440,0,13,358,591,7,522,11.58,83.7,3-High,9th Grade,12th Grade
WOODSTOWN HIGH SCHOOL,SALEM,1-Regular school,3418330,766,171,198,192,198,375,391,4,6,65,21,663,86,17.29,44.3,3-High,9th Grade,12th Grade
WWINDSOR  PLAINSBORO NORTH,MIDDLESEX,1-Regular school,3417700,1598,389,406,393,349,796,802,0,748,118,89,640,58,14.29,111.8,3-High,9th Grade,12th Grade
WWINDSOR  PLAINSBORO SOUTH,MERCER,1-Regular school,3417700,1606,382,407,406,411,842,764,0,727,104,93,681,48,15.27,105.2,3-High,9th Grade,12th Grade
YOUTHBUILD CAMDEN,MERCER,4-Alternative/other school,3400089,14,7,5,1,1,13,1,0,0,10,4,0,0,14,1,3-High,9th Grade,12th Grade
YOUTHBUILD NEWARK,MERCER,4-Alternative/other school,3400089,43,5,16,19,1,35,8,1,0,40,1,1,0,10.75,4,3-High,8th Grade,12th Grade
